{
    "type": "origins:conditioned_attribute",
    "tick_rate": 20,
    "modifier": {
        "operation": "multiply_base",
        "attribute": "minecraft:generic.movement_speed",
        "value": 0.3
    },
    "name": "Energetic",
    "description": "You're considerably faster when you have over 7 full hunger bars.",
    "hidden": false,
    "condition": {
        "type": "origins:food_level",
        "inverted": false,
        "comparison": ">=",
        "compare_to": 15
    },
    "loading_priority": 3
}