{
    "type": "origins:modify_food",
    "item_condition": {
        "type": "origins:ingredient",
        "inverted": false,
        "ingredient": {
            "tag": "minecraft:golden_carrot"
        }
    },
    "name": "Golden Vision",
    "entity_action": {
        "type": "origins:apply_effect",
        "effect": {
            "duration": 900,
            "is_ambient": false,
            "show_particles": false,
            "show_icon": true,
            "effect": "minecraft:night_vision"
        }
    },
    "description": "Eating Golden Carrots let you see in the dark for a little while!",
    "hidden": false,
    "loading_priority": 4
}