{
    "type": "origins:multiple",
    "name": "Hop",
    "description": "A hefty forward jump in the direction that you're looking, at the cost of some hunger.",
    "loading_priority": 3,
    "o___0": {
        "type": "origins:active_self",
        "entity_action": {
            "type": "origins:exhaust",
            "amount": 0.5
        },
        "hidden": true,
        "hud_render": {
            "should_render": false,
            "sprite_location": "origins:textures/gui/resource_bar.png",
            "bar_index": 0
        },
        "cooldown": 25
    },
    "o___1": {
        "type": "origins:active_self",
        "name": "the jump",
        "description": "get yeeted",
        "hidden": true,
        "cooldown": 30,
        "entity_action": {
            "type": "origins:add_velocity",
            "space": "local",
            "x": 0,
            "y": 0,
            "z": 1,
            "set": false
        },
        "hud_render": {
            "should_render": true,
            "sprite_location": "origins:textures/gui/resource_bar.png",
            "bar_index": 8
        },
        "condition": {
            "type": "origins:and",
            "inverted": false,
            "conditions": [
                {
                    "type": "origins:fall_flying",
                    "inverted": true
                },
                {
                    "type": "origins:swimming",
                    "inverted": true
                },
                {
                    "type": "origins:status_effect",
                    "inverted": true,
                    "effect": "minecraft:slow_falling",
                    "min_amplifier": 0,
                    "max_amplifier": 2147483647,
                    "max_duration": 2147483647,
                    "min_duration": 0
                }
            ]
        }
    }
}