{
    "type": "origins:multiple",
    "name": "Master of Potions",
    "description": "You've mastered the craft of brewing, crafting potions on the go. Hold a water bottle in offhand and an ingredient in the mainhand then activate.",
    "speed": {
        "type": "origins:active_self",
        "condition": {
            "type": "origins:or",
            "conditions": [{
                    "type": "origins:and",
                    "conditions": [{
                            "type": "origins:equipped_item",
                            "equipment_slot": "offhand",
                            "item_condition": {
                                "type": "origins:ingredient",
                                "ingredient": {
                                    "item": "minecraft:glass_bottle"
                                }
                            }
                        },
                        {
                            "type": "origins:equipped_item",
                            "equipment_slot": "mainhand",
                            "item_condition": {
                                "type": "origins:ingredient",
                                "ingredient": {
                                    "item": "minecraft:sugar"
                                }
                            }
                        }
                    ]
                },
                {
                    "type": "origins:and",
                    "conditions": [{
                            "type": "origins:equipped_item",
                            "equipment_slot": "mainhand",
                            "item_condition": {
                                "type": "origins:ingredient",
                                "ingredient": {
                                    "item": "minecraft:glass_bottle"
                                }
                            }
                        },
                        {
                            "type": "origins:equipped_item",
                            "equipment_slot": "offhand",
                            "item_condition": {
                                "type": "origins:ingredient",
                                "ingredient": {
                                    "item": "minecraft:sugar"
                                }
                            }
                        }
                    ]
                }
            ]
        },
        "entity_action": {
            "type": "origins:and",
            "actions": [{
                    "type": "origins:execute_command",
                    "command": "clear @s minecraft:glass_bottle 1",
                    "permision_level": 4
                },
                {
                    "type": "origins:execute_command",
                    "command": "clear @s minecraft:sugar 1",
                    "permision_level": 4
                },
                {
                    "type": "origins:execute_command",
                    "command": "give @s minecraft:potion{display:{Name:'{\"text\":\"Potion of Speed\",\"italic\":false}'},CustomPotionEffects:[{Id:1b,Amplifier:0b,Duration:600}],CustomPotionColor:8171462} 1",
                    "permision_level": 4
                }
            ]
        },
        "hud_render": {
            "should_render": true,
            "sprite_location": "origins:textures/gui/community/spiderkolo/resource_bar_02.png",
            "bar_index": 14
        },
        "cooldown": 10
    },
    "strength": {
        "type": "origins:active_self",
        "condition": {
            "type": "origins:or",
            "conditions": [{
                    "type": "origins:and",
                    "conditions": [{
                            "type": "origins:equipped_item",
                            "equipment_slot": "offhand",
                            "item_condition": {
                                "type": "origins:ingredient",
                                "ingredient": {
                                    "item": "minecraft:glass_bottle"
                                }
                            }
                        },
                        {
                            "type": "origins:equipped_item",
                            "equipment_slot": "mainhand",
                            "item_condition": {
                                "type": "origins:ingredient",
                                "ingredient": {
                                    "item": "minecraft:blaze_powder"
                                }
                            }
                        }
                    ]
                },
                {
                    "type": "origins:and",
                    "conditions": [{
                            "type": "origins:equipped_item",
                            "equipment_slot": "mainhand",
                            "item_condition": {
                                "type": "origins:ingredient",
                                "ingredient": {
                                    "item": "minecraft:glass_bottle"
                                }
                            }
                        },
                        {
                            "type": "origins:equipped_item",
                            "equipment_slot": "offhand",
                            "item_condition": {
                                "type": "origins:ingredient",
                                "ingredient": {
                                    "item": "minecraft:blaze_powder"
                                }
                            }
                        }
                    ]
                }
            ]
        },
        "entity_action": {
            "type": "origins:and",
            "actions": [{
                    "type": "origins:execute_command",
                    "command": "clear @s minecraft:glass_bottle 1",
                    "permision_level": 4
                },
                {
                    "type": "origins:execute_command",
                    "command": "clear @s minecraft:blaze_powder 1",
                    "permision_level": 4
                },
                {
                    "type": "origins:execute_command",
                    "command": "give @s minecraft:potion{display:{Name:'{\"text\":\"Potion of Strength\",\"italic\":false}'},CustomPotionEffects:[{Id:5b,Amplifier:0b,Duration:600}],CustomPotionColor:9643043} 1",
                    "permision_level": 4
                }
            ]
        },
        "hud_render": {
            "should_render": false
        },
        "cooldown": 10
    },
    "regen": {
        "type": "origins:active_self",
        "condition": {
            "type": "origins:or",
            "conditions": [{
                    "type": "origins:and",
                    "conditions": [{
                            "type": "origins:equipped_item",
                            "equipment_slot": "offhand",
                            "item_condition": {
                                "type": "origins:ingredient",
                                "ingredient": {
                                    "item": "minecraft:glass_bottle"
                                }
                            }
                        },
                        {
                            "type": "origins:equipped_item",
                            "equipment_slot": "mainhand",
                            "item_condition": {
                                "type": "origins:ingredient",
                                "ingredient": {
                                    "item": "minecraft:ghast_tear"
                                }
                            }
                        }
                    ]
                },
                {
                    "type": "origins:and",
                    "conditions": [{
                            "type": "origins:equipped_item",
                            "equipment_slot": "mainhand",
                            "item_condition": {
                                "type": "origins:ingredient",
                                "ingredient": {
                                    "item": "minecraft:glass_bottle"
                                }
                            }
                        },
                        {
                            "type": "origins:equipped_item",
                            "equipment_slot": "offhand",
                            "item_condition": {
                                "type": "origins:ingredient",
                                "ingredient": {
                                    "item": "minecraft:ghast_tear"
                                }
                            }
                        }
                    ]
                }
            ]
        },
        "entity_action": {
            "type": "origins:and",
            "actions": [{
                    "type": "origins:execute_command",
                    "command": "clear @s minecraft:glass_bottle 1",
                    "permision_level": 4
                },
                {
                    "type": "origins:execute_command",
                    "command": "clear @s minecraft:ghast_tear 1",
                    "permision_level": 4
                },
                {
                    "type": "origins:execute_command",
                    "command": "give @s minecraft:potion{display:{Name:'{\"text\":\"Potion of Regeneration\",\"italic\":false}'},CustomPotionEffects:[{Id:10b,Amplifier:0b,Duration:300}],CustomPotionColor:13458603} 1",
                    "permision_level": 4
                }
            ]
        },
        "hud_render": {
            "should_render": true,
            "sprite_location": "origins:textures/gui/community/spiderkolo/resource_bar_02.png",
            "bar_index": 14
        },
        "cooldown": 10
    },
    "jump": {
        "type": "origins:active_self",
        "condition": {
            "type": "origins:or",
            "conditions": [{
                    "type": "origins:and",
                    "conditions": [{
                            "type": "origins:equipped_item",
                            "equipment_slot": "offhand",
                            "item_condition": {
                                "type": "origins:ingredient",
                                "ingredient": {
                                    "item": "minecraft:glass_bottle"
                                }
                            }
                        },
                        {
                            "type": "origins:equipped_item",
                            "equipment_slot": "mainhand",
                            "item_condition": {
                                "type": "origins:ingredient",
                                "ingredient": {
                                    "item": "minecraft:rabbit_foot"
                                }
                            }
                        }
                    ]
                },
                {
                    "type": "origins:and",
                    "conditions": [{
                            "type": "origins:equipped_item",
                            "equipment_slot": "mainhand",
                            "item_condition": {
                                "type": "origins:ingredient",
                                "ingredient": {
                                    "item": "minecraft:glass_bottle"
                                }
                            }
                        },
                        {
                            "type": "origins:equipped_item",
                            "equipment_slot": "offhand",
                            "item_condition": {
                                "type": "origins:ingredient",
                                "ingredient": {
                                    "item": "minecraft:rabbit_foot"
                                }
                            }
                        }
                    ]
                }
            ]
        },
        "entity_action": {
            "type": "origins:and",
            "actions": [{
                    "type": "origins:execute_command",
                    "command": "clear @s minecraft:glass_bottle 1",
                    "permision_level": 4
                },
                {
                    "type": "origins:execute_command",
                    "command": "clear @s minecraft:rabbit_foot 1",
                    "permision_level": 4
                },
                {
                    "type": "origins:execute_command",
                    "command": "give @s minecraft:potion{display:{Name:'{\"text\":\"Potion of Leaping\",\"italic\":false}'},CustomPotionEffects:[{Id:8b,Amplifier:0b,Duration:600}],CustomPotionColor:894731} 1",
                    "permision_level": 4
                }
            ]
        },
        "hud_render": {
            "should_render": true,
            "sprite_location": "origins:textures/gui/community/spiderkolo/resource_bar_02.png",
            "bar_index": 14
        },
        "cooldown": 10
    },
    "poison": {
        "type": "origins:active_self",
        "condition": {
            "type": "origins:or",
            "conditions": [{
                    "type": "origins:and",
                    "conditions": [{
                            "type": "origins:equipped_item",
                            "equipment_slot": "offhand",
                            "item_condition": {
                                "type": "origins:ingredient",
                                "ingredient": {
                                    "item": "minecraft:glass_bottle"
                                }
                            }
                        },
                        {
                            "type": "origins:equipped_item",
                            "equipment_slot": "mainhand",
                            "item_condition": {
                                "type": "origins:ingredient",
                                "ingredient": {
                                    "item": "minecraft:spider_eye"
                                }
                            }
                        }
                    ]
                },
                {
                    "type": "origins:and",
                    "conditions": [{
                            "type": "origins:equipped_item",
                            "equipment_slot": "mainhand",
                            "item_condition": {
                                "type": "origins:ingredient",
                                "ingredient": {
                                    "item": "minecraft:glass_bottle"
                                }
                            }
                        },
                        {
                            "type": "origins:equipped_item",
                            "equipment_slot": "offhand",
                            "item_condition": {
                                "type": "origins:ingredient",
                                "ingredient": {
                                    "item": "minecraft:spider_eye"
                                }
                            }
                        }
                    ]
                }
            ]
        },
        "entity_action": {
            "type": "origins:and",
            "actions": [{
                    "type": "origins:execute_command",
                    "command": "clear @s minecraft:glass_bottle 1",
                    "permision_level": 4
                },
                {
                    "type": "origins:execute_command",
                    "command": "clear @s minecraft:spider_eye 1",
                    "permision_level": 4
                },
                {
                    "type": "origins:execute_command",
                    "command": "give @s minecraft:potion{display:{Name:'{\"text\":\"Potion of Poison\",\"italic\":false}'},CustomPotionEffects:[{Id:19b,Amplifier:0b,Duration:200}],CustomPotionColor:5149489} 1",
                    "permision_level": 4
                }
            ]
        },
        "hud_render": {
            "should_render": true,
            "sprite_location": "origins:textures/gui/community/spiderkolo/resource_bar_02.png",
            "bar_index": 14
        },
        "cooldown": 10
    },
    "fire": {
        "type": "origins:active_self",
        "condition": {
            "type": "origins:or",
            "conditions": [{
                    "type": "origins:and",
                    "conditions": [{
                            "type": "origins:equipped_item",
                            "equipment_slot": "offhand",
                            "item_condition": {
                                "type": "origins:ingredient",
                                "ingredient": {
                                    "item": "minecraft:glass_bottle"
                                }
                            }
                        },
                        {
                            "type": "origins:equipped_item",
                            "equipment_slot": "mainhand",
                            "item_condition": {
                                "type": "origins:ingredient",
                                "ingredient": {
                                    "item": "minecraft:magma_cream"
                                }
                            }
                        }
                    ]
                },
                {
                    "type": "origins:and",
                    "conditions": [{
                            "type": "origins:equipped_item",
                            "equipment_slot": "mainhand",
                            "item_condition": {
                                "type": "origins:ingredient",
                                "ingredient": {
                                    "item": "minecraft:glass_bottle"
                                }
                            }
                        },
                        {
                            "type": "origins:equipped_item",
                            "equipment_slot": "offhand",
                            "item_condition": {
                                "type": "origins:ingredient",
                                "ingredient": {
                                    "item": "minecraft:magma_cream"
                                }
                            }
                        }
                    ]
                }
            ]
        },
        "entity_action": {
            "type": "origins:and",
            "actions": [{
                    "type": "origins:execute_command",
                    "command": "clear @s minecraft:glass_bottle 1",
                    "permision_level": 4
                },
                {
                    "type": "origins:execute_command",
                    "command": "clear @s minecraft:magma_cream 1",
                    "permision_level": 4
                },
                {
                    "type": "origins:execute_command",
                    "command": "give @s minecraft:potion{display:{Name:'{\"text\":\"Potion of Fire Resistance\",\"italic\":false}'},CustomPotionEffects:[{Id:12b,Amplifier:0b,Duration:600}],CustomPotionColor:14981690} 1",
                    "permision_level": 4
                }
            ]
        },
        "hud_render": {
            "should_render": true,
            "sprite_location": "origins:textures/gui/community/spiderkolo/resource_bar_02.png",
            "bar_index": 14
        },
        "cooldown": 10
    },
    "breath": {
        "type": "origins:active_self",
        "condition": {
            "type": "origins:or",
            "conditions": [{
                    "type": "origins:and",
                    "conditions": [{
                            "type": "origins:equipped_item",
                            "equipment_slot": "offhand",
                            "item_condition": {
                                "type": "origins:ingredient",
                                "ingredient": {
                                    "item": "minecraft:glass_bottle"
                                }
                            }
                        },
                        {
                            "type": "origins:equipped_item",
                            "equipment_slot": "mainhand",
                            "item_condition": {
                                "type": "origins:ingredient",
                                "ingredient": {
                                    "item": "minecraft:pufferfish"
                                }
                            }
                        }
                    ]
                },
                {
                    "type": "origins:and",
                    "conditions": [{
                            "type": "origins:equipped_item",
                            "equipment_slot": "mainhand",
                            "item_condition": {
                                "type": "origins:ingredient",
                                "ingredient": {
                                    "item": "minecraft:glass_bottle"
                                }
                            }
                        },
                        {
                            "type": "origins:equipped_item",
                            "equipment_slot": "offhand",
                            "item_condition": {
                                "type": "origins:ingredient",
                                "ingredient": {
                                    "item": "minecraft:pufferfish"
                                }
                            }
                        }
                    ]
                }
            ]
        },
        "entity_action": {
            "type": "origins:and",
            "actions": [{
                    "type": "origins:execute_command",
                    "command": "clear @s minecraft:glass_bottle 1",
                    "permision_level": 4
                },
                {
                    "type": "origins:execute_command",
                    "command": "clear @s minecraft:pufferfish 1",
                    "permision_level": 4
                },
                {
                    "type": "origins:execute_command",
                    "command": "give @s minecraft:potion{display:{Name:'{\"text\":\"Potion of Water Breathing\",\"italic\":false}'},CustomPotionEffects:[{Id:13b,Amplifier:0b,Duration:600}],CustomPotionColor:3035801} 1",
                    "permision_level": 4
                }
            ]
        },
        "hud_render": {
            "should_render": true,
            "sprite_location": "origins:textures/gui/community/spiderkolo/resource_bar_02.png",
            "bar_index": 14
        },
        "cooldown": 10
    },
    "night": {
        "type": "origins:active_self",
        "condition": {
            "type": "origins:or",
            "conditions": [{
                    "type": "origins:and",
                    "conditions": [{
                            "type": "origins:equipped_item",
                            "equipment_slot": "offhand",
                            "item_condition": {
                                "type": "origins:ingredient",
                                "ingredient": {
                                    "item": "minecraft:glass_bottle"
                                }
                            }
                        },
                        {
                            "type": "origins:equipped_item",
                            "equipment_slot": "mainhand",
                            "item_condition": {
                                "type": "origins:ingredient",
                                "ingredient": {
                                    "item": "minecraft:golden_carrot"
                                }
                            }
                        }
                    ]
                },
                {
                    "type": "origins:and",
                    "conditions": [{
                            "type": "origins:equipped_item",
                            "equipment_slot": "mainhand",
                            "item_condition": {
                                "type": "origins:ingredient",
                                "ingredient": {
                                    "item": "minecraft:glass_bottle"
                                }
                            }
                        },
                        {
                            "type": "origins:equipped_item",
                            "equipment_slot": "offhand",
                            "item_condition": {
                                "type": "origins:ingredient",
                                "ingredient": {
                                    "item": "minecraft:golden_carrot"
                                }
                            }
                        }
                    ]
                }
            ]
        },
        "entity_action": {
            "type": "origins:and",
            "actions": [{
                    "type": "origins:execute_command",
                    "command": "clear @s minecraft:glass_bottle 1",
                    "permision_level": 4
                },
                {
                    "type": "origins:execute_command",
                    "command": "clear @s minecraft:golden_carrot 1",
                    "permision_level": 4
                },
                {
                    "type": "origins:execute_command",
                    "command": "give @s minecraft:potion{display:{Name:'{\"text\":\"Potion of Night Vision\",\"italic\":false}'},CustomPotionEffects:[{Id:16b,Amplifier:0b,Duration:600}],CustomPotionColor:2039713} 1",
                    "permision_level": 4
                }
            ]
        },
        "hud_render": {
            "should_render": true,
            "sprite_location": "origins:textures/gui/community/spiderkolo/resource_bar_02.png",
            "bar_index": 14
        },
        "cooldown": 10
    },
    "fall": {
        "type": "origins:active_self",
        "condition": {
            "type": "origins:or",
            "conditions": [{
                    "type": "origins:and",
                    "conditions": [{
                            "type": "origins:equipped_item",
                            "equipment_slot": "offhand",
                            "item_condition": {
                                "type": "origins:ingredient",
                                "ingredient": {
                                    "item": "minecraft:glass_bottle"
                                }
                            }
                        },
                        {
                            "type": "origins:equipped_item",
                            "equipment_slot": "mainhand",
                            "item_condition": {
                                "type": "origins:ingredient",
                                "ingredient": {
                                    "item": "minecraft:phantom_membrane"
                                }
                            }
                        }
                    ]
                },
                {
                    "type": "origins:and",
                    "conditions": [{
                            "type": "origins:equipped_item",
                            "equipment_slot": "mainhand",
                            "item_condition": {
                                "type": "origins:ingredient",
                                "ingredient": {
                                    "item": "minecraft:glass_bottle"
                                }
                            }
                        },
                        {
                            "type": "origins:equipped_item",
                            "equipment_slot": "offhand",
                            "item_condition": {
                                "type": "origins:ingredient",
                                "ingredient": {
                                    "item": "minecraft:phantom_membrane"
                                }
                            }
                        }
                    ]
                }
            ]
        },
        "entity_action": {
            "type": "origins:and",
            "actions": [{
                    "type": "origins:execute_command",
                    "command": "clear @s minecraft:glass_bottle 1",
                    "permision_level": 4
                },
                {
                    "type": "origins:execute_command",
                    "command": "clear @s minecraft:phantom_membrane 1",
                    "permision_level": 4
                },
                {
                    "type": "origins:execute_command",
                    "command": "give @s minecraft:potion{display:{Name:'{\"text\":\"Potion of Slow Falling\",\"italic\":false}'},CustomPotionEffects:[{Id:28b,Amplifier:0b,Duration:600}],CustomPotionColor:7889559} 1",
                    "permision_level": 4
                }
            ]
        },
        "hud_render": {
            "should_render": true,
            "sprite_location": "origins:textures/gui/community/spiderkolo/resource_bar_02.png",
            "bar_index": 14
        },
        "cooldown": 10
    },
    "weak": {
        "type": "origins:active_self",
        "condition": {
            "type": "origins:or",
            "conditions": [{
                    "type": "origins:and",
                    "conditions": [{
                            "type": "origins:equipped_item",
                            "equipment_slot": "offhand",
                            "item_condition": {
                                "type": "origins:ingredient",
                                "ingredient": {
                                    "item": "minecraft:glass_bottle"
                                }
                            }
                        },
                        {
                            "type": "origins:equipped_item",
                            "equipment_slot": "mainhand",
                            "item_condition": {
                                "type": "origins:ingredient",
                                "ingredient": {
                                    "item": "minecraft:fermented_spider_eye"
                                }
                            }
                        }
                    ]
                },
                {
                    "type": "origins:and",
                    "conditions": [{
                            "type": "origins:equipped_item",
                            "equipment_slot": "mainhand",
                            "item_condition": {
                                "type": "origins:ingredient",
                                "ingredient": {
                                    "item": "minecraft:glass_bottle"
                                }
                            }
                        },
                        {
                            "type": "origins:equipped_item",
                            "equipment_slot": "offhand",
                            "item_condition": {
                                "type": "origins:ingredient",
                                "ingredient": {
                                    "item": "minecraft:fermented_spider_eye"
                                }
                            }
                        }
                    ]
                }
            ]
        },
        "entity_action": {
            "type": "origins:and",
            "actions": [{
                    "type": "origins:execute_command",
                    "command": "clear @s minecraft:glass_bottle 1",
                    "permision_level": 4
                },
                {
                    "type": "origins:execute_command",
                    "command": "clear @s minecraft:fermented_spider_eye 1",
                    "permision_level": 4
                },
                {
                    "type": "origins:execute_command",
                    "command": "give @s minecraft:potion{display:{Name:'{\"text\":\"Potion of Weakness\",\"italic\":false}'},CustomPotionEffects:[{Id:18b,Amplifier:0b,Duration:600}],CustomPotionColor:4738376} 1",
                    "permision_level": 4
                }
            ]
        },
        "hud_render": {
            "should_render": true,
            "sprite_location": "origins:textures/gui/community/spiderkolo/resource_bar_02.png",
            "bar_index": 14
        },
        "cooldown": 10
    }
}