{
    "type": "origins:action_over_time",
    "interval": 20,
    "entity_action": {
        "type": "origins:apply_effect",
        "effects": [{
                "effect": "minecraft:night_vision",
                "duration": 230,
                "amplifier": 10,
                "show_particles": false,
                "show_icon": false
            },
            {
                "effect": "minecraft:glowing",
                "duration": 60,
                "amplifier": 10,
                "show_particles": false,
                "show_icon": false
            }
        ]
    },
    "condition": {
        "type": "origins:brightness",
        "comparison": "==",
        "compare_to": 0
    },
    "name": "Bio luminescent",
    "description": "When surrounded by darkness you start to glow"
}