{
    "type": "origins:multiple",
    "harvest": {
        "type": "origins:active_self",
        "cooldown": 1,
        "hud_render": {
            "should_render": false
        },
        "key": {
            "key": "key.use"
        },
        "entity_action": {
            "type": "origins:and",
            "actions": [{
                    "type": "origins:if_else",
                    "condition": {
                        "type": "origins:and",
                        "conditions": [{
                                "type": "origins:equipped_item",
                                "equipment_slot": "mainhand",
                                "item_condition": {
                                    "type": "origins:ingredient",
                                    "ingredient": {
                                        "tag": "zorras:grow"
                                    }
                                }
                            },
                            {
                                "type": "origins:resource",
                                "resource": "zorras:fungi/grow_compost",
                                "comparison": "!=",
                                "compare_to": 32
                            },
                            {
                                "type": "origins:sneaking",
                                "inverted": true
                            }
                        ]
                    },
                    "if_action": {
                        "type": "origins:and",
                        "actions": [{
                                "type": "origins:change_resource",
                                "resource": "zorras:fungi/grow_compost",
                                "change": 1

                            },
                            {
                                "type": "origins:equipped_item_action",
                                "equipment_slot": "mainhand",
                                "action": {
                                    "type": "origins:consume",
                                    "amount": 1
                                }
                            },
                            {
                                "type": "origins:heal",
                                "amount": 2
                            },
                            {
                                "type": "origins:feed",
                                "food": 2,
                                "saturation": 3
                            },
                            {
                                "type": "origins:play_sound",
                                "sound": "minecraft:block.composter.fill_success",
                                "pitch": 1,
                                "volume": 1
                            }
                        ]
                    },
                    "else_action": {
                        "type": "origins:change_resource",
                        "resource": "zorras:fungi/grow_compost",
                        "change": 0
                    }
                },
                {
                    "type": "origins:if_else",
                    "condition": {
                        "type": "origins:and",
                        "conditions": [{
                                "type": "origins:equipped_item",
                                "equipment_slot": "mainhand",
                                "item_condition": {
                                    "type": "origins:ingredient",
                                    "ingredient": {
                                        "tag": "zorras:grow_max"
                                    }
                                }
                            },
                            {
                                "type": "origins:resource",
                                "resource": "zorras:fungi/grow_compost",
                                "comparison": "!=",
                                "compare_to": 32
                            },
                            {
                                "type": "origins:sneaking",
                                "inverted": true
                            }
                        ]
                    },
                    "if_action": {
                        "type": "origins:and",
                        "actions": [{
                                "type": "origins:change_resource",
                                "resource": "zorras:fungi/grow_compost",
                                "change": 32
                            },
                            {
                                "type": "origins:equipped_item_action",
                                "equipment_slot": "mainhand",
                                "action": {
                                    "type": "origins:consume",
                                    "amount": 1
                                }
                            },
                            {
                                "type": "origins:heal",
                                "amount": 20
                            },
                            {
                                "type": "origins:feed",
                                "food": 20,
                                "saturation": 5
                            },
                            {
                                "type": "origins:play_sound",
                                "sound": "minecraft:block.composter.fill_success",
                                "pitch": 1,
                                "volume": 1
                            }
                        ]
                    },
                    "else_action": {
                        "type": "origins:change_resource",
                        "resource": "zorras:fungi/grow_compost",
                        "change": 0
                    }
                }
            ]
        }
    },
    "max": {
        "type": "origins:active_self",
        "cooldown": 10,
        "hud_render": {
            "should_render": false
        },
        "entity_action": {
            "type": "origins:if_else",
            "condition": {
                "type": "origins:resource",
                "resource": "zorras:fungi/grow_compost",
                "comparison": "==",
                "compare_to": 32
            },
            "if_action": {
                "type": "origins:and",
                "actions": [{
                        "type": "origins:heal",
                        "amount": 20
                    },
                    {
                        "type": "origins:feed",
                        "food": 20,
                        "saturation": 5
                    },
                    {
                        "type": "origins:change_resource",
                        "resource": "zorras:fungi/grow_compost",
                        "change": -32
                    },
                    {
                        "type": "origins:extinguish"
                    },
                    {
                        "type": "origins:spawn_effect_cloud",
                        "radius": 4.5,
                        "wait_time": 25,
                        "effect": {
                            "effect": "minecraft:poison",
                            "amplifier": 1,
                            "duration": 100
                        }
                    },
                    {
                        "type": "origins:apply_effect",
                        "effects": [{
                                "effect": "minecraft:regeneration",
                                "amplifier": 2,
                                "duration": 80,
                                "show_particles": false,
                                "show_icon": false
                            },
                            {
                                "effect": "minecraft:absorption",
                                "amplifier": 0,
                                "duration": 400,
                                "show_particles": false,
                                "show_icon": false
                            }
                        ]
                    },
                    {
                        "type": "origins:play_sound",
                        "sound": "minecraft:block.composter.ready",
                        "pitch": 1,
                        "volume": 1
                    }
                ]
            }
        },
        "else_action": {
            "type": "origins:if_else",
            "condition": {
                "type": "origins:and",
                "conditions": [{
                        "type": "origins:resource",
                        "resource": "zorras:fungi/grow_compost",
                        "comparison": "<",
                        "compare_to": 32
                    },
                    {
                        "type": "origins:resource",
                        "resource": "zorras:fungi/grow_compost",
                        "comparison": "!=",
                        "compare_to": 0
                    }
                ]
            },
            "if_action": {
                "type": "origins:and",
                "actions": [{
                        "type": "origins:heal",
                        "amount": 2
                    },
                    {
                        "type": "origins:feed",
                        "food": 2,
                        "saturation": 3
                    },
                    {
                        "type": "origins:change_resource",
                        "resource": "zorras:fungi/grow_compost",
                        "change": -2
                    }
                ]
            },
            "else_action": {
                "type": "origins:change_resource",
                "resource": "zorras:fungi/grow_compost",
                "change": 0
            }
        }
    },
    "compost": {
        "type": "origins:resource",
        "min": 0,
        "max": 32,
        "start_value": 8,
        "hud_render": {
            "should_render": true,
            "sprite_location": "origins:textures/gui/community/spiderkolo/resource_bar_01.png",
            "bar_index": 7
        }
    },
    "hidden": true
}