{
    "type": "origins:action_over_time",
    "interval": 20,
    "entity_action": {
        "type": "origins:apply_effect",
        "effect": {
            "effect": "minecraft:blindness",
            "duration": 60,
            "amplifier": 10,
            "show_particles": false,
            "show_icon": false
        }
    },
    "condition": {
        "type": "origins:exposed_to_sun"
    },
    "name": "Dark Habitat",
    "description": "You are blinded in the sun since your eyes adapated to the darkness of your home"
}