{
    "type": "origins:multiple",
    "mycelium": {
        "type": "origins:action_over_time",
        "interval": 40,
        "entity_action": {
            "type": "origins:block_action_at",
            "block_action": {
                "type": "origins:offset",
                "action": {
                    "type": "origins:set_block",
                    "block": "minecraft:mycelium"
                },
                "y": -1
            }
        },
        "condition": {
            "type": "origins:and",
            "conditions": [{
                    "type": "origins:sneaking",
                    "inverted": true
                },
                {
                    "type": "origins:on_block",
                    "block_condition": {
                        "type": "origins:block",
                        "block": "minecraft:grass_block"
                    }
                }
            ]
        }
    },
    "coarse": {
        "type": "origins:action_over_time",
        "interval": 40,
        "entity_action": {
            "type": "origins:block_action_at",
            "block_action": {
                "type": "origins:offset",
                "action": {
                    "type": "origins:set_block",
                    "block": "minecraft:coarse_dirt"
                },
                "y": -1
            }
        },
        "condition": {
            "type": "origins:and",
            "conditions": [{
                    "type": "origins:sneaking",
                    "inverted": true
                },
                {
                    "type": "origins:on_block",
                    "block_condition": {
                        "type": "origins:block",
                        "block": "minecraft:dirt"
                    }
                }
            ]
        }
    },
    "cobble": {
        "type": "origins:action_over_time",
        "interval": 40,
        "entity_action": {
            "type": "origins:block_action_at",
            "block_action": {
                "type": "origins:offset",
                "action": {
                    "type": "origins:set_block",
                    "block": "minecraft:mossy_cobblestone"
                },
                "y": -1
            }
        },
        "condition": {
            "type": "origins:and",
            "conditions": [{
                    "type": "origins:sneaking",
                    "inverted": true
                },
                {
                    "type": "origins:on_block",
                    "block_condition": {
                        "type": "origins:block",
                        "block": "minecraft:cobblestone"
                    }
                }
            ]
        }
    },
    "hidden": true
}