{
    "hidden": false,
    "type": "origins:active_self",
    "name": "Iron Belly",
    "description": "Your stomach is made of Iron!, allowing you to eat iron but nothing else will ever satisfy you.",
    "cooldown": 32,
    "key": {
        "key": "key.use",
        "continuous": true
    },
    "hud_render": {
        "should_render": false,
        "sprite_location": "origins:textures/gui/resource_bar.png"
    },
    "entity_action": {
        "type": "origins:and",
        "actions": [{
                "type": "origins:change_resource",
                "resource": "zorras:golem/iron_food/haseatenbool",
                "change": -1
            },
            {
                "type": "origins:if_else",
                "condition": {
                    "type": "origins:and",
                    "inverted": false,
                    "conditions": [{
                            "type": "origins:or",
                            "inverted": false,
                            "conditions": [{
                                    "type": "origins:equipped_item",
                                    "inverted": false,
                                    "equipment_slot": "mainhand",
                                    "item_condition": {
                                        "type": "origins:ingredient",
                                        "inverted": false,
                                        "ingredient": {
                                            "item": "minecraft:iron_nugget"
                                        }
                                    }
                                },
                                {
                                    "type": "origins:equipped_item",
                                    "inverted": false,
                                    "equipment_slot": "offhand",
                                    "item_condition": {
                                        "type": "origins:ingredient",
                                        "inverted": false,
                                        "ingredient": {
                                            "item": "minecraft:iron_nugget"
                                        }
                                    }
                                }
                            ]
                        },
                        {
                            "type": "origins:resource",
                            "inverted": false,
                            "comparison": "==",
                            "resource": "zorras:golem/iron_food/resource",
                            "compare_to": 32
                        },
                        {
                            "type": "origins:resource",
                            "inverted": false,
                            "comparison": "==",
                            "resource": "zorras:golem/iron_food/haseatenbool",
                            "compare_to": 0
                        }
                    ]
                },
                "if_action": {
                    "type": "origins:and",
                    "actions": [{
                            "type": "origins:if_else",
                            "condition": {
                                "type": "origins:equipped_item",
                                "inverted": false,
                                "equipment_slot": "mainhand",
                                "item_condition": {
                                    "type": "origins:ingredient",
                                    "inverted": false,
                                    "ingredient": {
                                        "item": "minecraft:iron_nugget"
                                    }
                                }
                            },
                            "if_action": {
                                "type": "origins:execute_command",
                                "permission_level": 4,
                                "command": "execute as @a[nbt={SelectedItem:{id:\"minecraft:iron_nugget\"}}] run clear @s minecraft:iron_nugget 1"
                            },
                            "else_action": {
                                "type": "origins:execute_command",
                                "permission_level": 4,
                                "command": "execute as @s[nbt={Inventory:[{Slot:-106b, id: \"minecraft:iron_nugget\"}]}] run clear @s minecraft:iron_nugget 1"
                            }
                        },
                        {
                            "type": "origins:execute_command",
                            "permission_level": 4,
                            "command": "playsound minecraft:block.chain.break master @s ~ ~ ~ 0.5"
                        },
                        {
                            "type": "origins:change_resource",
                            "resource": "zorras:golem/resource",
                            "change": -1
                        },
                        {
                            "type": "origins:change_resource",
                            "resource": "zorras:golem/iron_food/haseatenbool",
                            "change": 1
                        },
                        {
                            "type": "origins:change_resource",
                            "resource": "zorras:golem/iron_food/resource",
                            "change": -32
                        },
                        {
                            "type": "origins:feed",
                            "food": 2,
                            "saturation": 0.6
                        }
                    ]
                }
            },
            {
                "type": "origins:if_else",
                "condition": {
                    "type": "origins:and",
                    "inverted": false,
                    "conditions": [{
                            "type": "origins:or",
                            "inverted": false,
                            "conditions": [{
                                    "type": "origins:equipped_item",
                                    "inverted": false,
                                    "equipment_slot": "mainhand",
                                    "item_condition": {
                                        "type": "origins:ingredient",
                                        "inverted": false,
                                        "ingredient": {
                                            "item": "minecraft:iron_ingot"
                                        }
                                    }
                                },
                                {
                                    "type": "origins:equipped_item",
                                    "inverted": false,
                                    "equipment_slot": "offhand",
                                    "item_condition": {
                                        "type": "origins:ingredient",
                                        "inverted": false,
                                        "ingredient": {
                                            "item": "minecraft:iron_ingot"
                                        }
                                    }
                                }
                            ]
                        },
                        {
                            "type": "origins:resource",
                            "inverted": false,
                            "comparison": "==",
                            "resource": "zorras:golem/iron_food/resource",
                            "compare_to": 32
                        },
                        {
                            "type": "origins:resource",
                            "inverted": false,
                            "comparison": "==",
                            "resource": "zorras:golem/iron_food/haseatenbool",
                            "compare_to": 0
                        }
                    ]
                },
                "if_action": {
                    "type": "origins:and",
                    "actions": [{
                            "type": "origins:if_else",
                            "condition": {
                                "type": "origins:equipped_item",
                                "inverted": false,
                                "equipment_slot": "mainhand",
                                "item_condition": {
                                    "type": "origins:ingredient",
                                    "inverted": false,
                                    "ingredient": {
                                        "item": "minecraft:iron_ingot"
                                    }
                                }
                            },
                            "if_action": {
                                "type": "origins:execute_command",
                                "permission_level": 4,
                                "command": "execute as @a[nbt={SelectedItem:{id:\"minecraft:iron_ingot\"}}] run clear @s minecraft:iron_ingot 1"
                            },
                            "else_action": {
                                "type": "origins:execute_command",
                                "permission_level": 4,
                                "command": "execute as @s[nbt={Inventory:[{Slot:-106b, id: \"minecraft:iron_ingot\"}]}] run clear @s minecraft:iron_ingot 1"
                            }
                        },
                        {
                            "type": "origins:execute_command",
                            "permission_level": 4,
                            "command": "playsound minecraft:block.piston.contract master @s ~ ~ ~ 0.5"
                        },
                        {
                            "type": "origins:change_resource",
                            "resource": "zorras:golem/resource",
                            "change": -1
                        },
                        {
                            "type": "origins:change_resource",
                            "resource": "zorras:golem/iron_food/haseatenbool",
                            "change": 1
                        },
                        {
                            "type": "origins:change_resource",
                            "resource": "zorras:golem/iron_food/resource",
                            "change": -32
                        },

                        {
                            "type": "origins:feed",
                            "food": 4,
                            "saturation": 1.2
                        }
                    ]
                }
            }
        ]
    },
    "condition": {
        "type": "origins:or",
        "inverted": false,
        "conditions": [{
                "type": "origins:or",
                "inverted": false,
                "conditions": [{
                        "type": "origins:equipped_item",
                        "inverted": false,
                        "equipment_slot": "mainhand",
                        "item_condition": {
                            "type": "origins:ingredient",
                            "inverted": false,
                            "ingredient": {
                                "item": "minecraft:iron_nugget"
                            }
                        }
                    },
                    {
                        "type": "origins:equipped_item",
                        "inverted": false,
                        "equipment_slot": "offhand",
                        "item_condition": {
                            "type": "origins:ingredient",
                            "inverted": false,
                            "ingredient": {
                                "item": "minecraft:iron_nugget"
                            }
                        }
                    }
                ]
            },
            {
                "type": "origins:or",
                "inverted": false,
                "conditions": [{
                        "type": "origins:equipped_item",
                        "inverted": false,
                        "equipment_slot": "mainhand",
                        "item_condition": {
                            "type": "origins:ingredient",
                            "inverted": false,
                            "ingredient": {
                                "item": "minecraft:iron_ingot"
                            }
                        }
                    },
                    {
                        "type": "origins:equipped_item",
                        "inverted": false,
                        "equipment_slot": "offhand",
                        "item_condition": {
                            "type": "origins:ingredient",
                            "inverted": false,
                            "ingredient": {
                                "item": "minecraft:iron_ingot"
                            }
                        }
                    }
                ]
            }
        ]
    }
}