{
    "hidden": true,
    "type": "origins:active_self",
    "description": "This is the stage which increases the resource meter of eating.",
    "cooldown": 1,
    "key": {
        "key": "key.use",
        "continuous": true
    },
    "entity_action": {
        "type": "origins:and",
        "actions": [{
            "type": "origins:change_resource",
            "resource": "zorras:golem/iron_food/resource",
            "change": 2
        }]
    },
    "hud_render": {
        "should_render": false,
        "sprite_location": "origins:textures/gui/resource_bar.png"
    },
    "condition": {
        "type": "origins:or",
        "conditions": [{
                "type": "origins:or",
                "conditions": [{
                        "type": "origins:equipped_item",
                        "equipment_slot": "mainhand",
                        "item_condition": {
                            "type": "origins:ingredient",
                            "ingredient": {
                                "item": "minecraft:iron_nugget"
                            }
                        }
                    },
                    {
                        "type": "origins:equipped_item",
                        "equipment_slot": "offhand",
                        "item_condition": {
                            "type": "origins:ingredient",
                            "ingredient": {
                                "item": "minecraft:iron_nugget"
                            }
                        }
                    }
                ]
            },
            {
                "type": "origins:or",
                "conditions": [{
                        "type": "origins:equipped_item",
                        "equipment_slot": "mainhand",
                        "item_condition": {
                            "type": "origins:ingredient",
                            "ingredient": {
                                "item": "minecraft:iron_ingot"
                            }
                        }
                    },
                    {
                        "type": "origins:equipped_item",
                        "equipment_slot": "offhand",
                        "item_condition": {
                            "type": "origins:ingredient",
                            "ingredient": {
                                "item": "minecraft:iron_ingot"
                            }
                        }
                    }
                ]
            }
        ]
    }
}