{
    "type": "origins:modify_damage_dealt",
    "target_condition": {
        "type": "origins:and",
        "conditions": [{
                "type": "origins:entity_group",
                "group": "undead"
            },
            {
                "type": "origins:entity_group",
                "group": "illager"
            }
        ]
    },
    "modifier": {
        "operation": "multiply_total",
        "value": 1.5
    },
    "name": "Protector",
    "description": "You do more damage to those who would hurt your beloved villagers."
}