{
    "type": "origins:action_over_time",
    "entity_action": {
        "type": "origins:change_resource",
        "resource": "zorras:golem/resource",
        "change": 1
    },
    "interval": 120,
    "condition": {
        "type": "origins:or",
        "conditions": [{
                "type": "origins:in_rain"
            },
            {
                "type": "origins:submerged_in",
                "fluid": "minecraft:water"
            }
        ]
    },
    "hidden": true
}