{
    "type":"origins:target_action_on_hit",
    "hidden": true,
    "cooldown": 200,
    "entity_action":{
        "type":"origins:and",
        "actions":[
            {
                "type":"origins:add_velocity",
                "y": 0.5
            },
            {
                "type":"origins:execute_command",
                "command": "summon area_effect_cloud ~ ~ ~ {Particle:\"poof\",Radius:1f,Age:20}",
                "permission_level": 4
            }
        ]
    },
    "hud_render": {
        "should_render": true,
        "bar_index": 10,
        "sprite_location":"origins:textures/gui/community/spiderkolo/resource_bar_03.png"
    }
}