{
    "type": "origins:modify_damage_dealt",
    "modifier": {
        "operation": "multiply_total",
        "value": -1
    },
    "condition": {
        "type": "origins:equipped_item",
        "equipment_slot": "mainhand",
        "item_condition": {
            "type": "origins:ingredient",
            "ingredient": [{
                    "item": "minecraft:wooden_sword"
                },
                {
                    "item": "minecraft:stone_sword"
                },
                {
                    "item": "minecraft:golden_sword"
                },
                {
                    "item": "minecraft:iron_sword"
                },
                {
                    "item": "minecraft:diamond_sword"
                },
                {
                    "item": "minecraft:netherite_sword"
                },
                {
                    "item": "minecraft:wooden_axe"
                },
                {
                    "item": "minecraft:stone_axe"
                },
                {
                    "item": "minecraft:golden_axe"
                },
                {
                    "item": "minecraft:iron_axe"
                },
                {
                    "item": "minecraft:diamond_axe"
                },
                {
                    "item": "minecraft:netherite_axe"
                },
                {
                    "item": "minecraft:trident"
                }
            ]
        }
    },
    "hidden": true
}