{
    "type": "origins:prevent_item_use",
    "item_condition": {
        "type": "origins:or",
        "conditions": [{
                "type": "origins:ingredient",
                "ingredient": {
                    "item": "minecraft:bow"
                }
            },
            {
                "type": "origins:ingredient",
                "ingredient": {
                    "item": "minecraft:crossbow"
                }
            },
            {
                "type": "origins:ingredient",
                "ingredient": {
                    "item": "minecraft:trident"
                }
            },
            {
                "type": "origins:ingredient",
                "ingredient": {
                    "item": "minecraft:shield"
                }
            },
            {
                "type": "origins:ingredient",
                "ingredient": {
                    "item": "minecraft:elytra"
                }
            },
            {
                "type": "origins:ingredient",
                "ingredient": {
                    "item": "minecraft:wooden_sword"
                }
            },
            {
                "type": "origins:ingredient",
                "ingredient": {
                    "item": "minecraft:stone_sword"
                }
            },
            {
                "type": "origins:ingredient",
                "ingredient": {
                    "item": "minecraft:iron_sword"
                }
            },
            {
                "type": "origins:ingredient",
                "ingredient": {
                    "item": "minecraft:golden_sword"
                }
            },
            {
                "type": "origins:ingredient",
                "ingredient": {
                    "item": "minecraft:diamond_sword"
                }
            },
            {
                "type": "origins:ingredient",
                "ingredient": {
                    "item": "minecraft:netherite_sword"
                }
            },
            {
                "type": "origins:ingredient",
                "ingredient": {
                    "item": "minecraft:wooden_axe"
                }
            },
            {
                "type": "origins:ingredient",
                "ingredient": {
                    "item": "minecraft:stone_axe"
                }
            },
            {
                "type": "origins:ingredient",
                "ingredient": {
                    "item": "minecraft:iron_axe"
                }
            },
            {
                "type": "origins:ingredient",
                "ingredient": {
                    "item": "minecraft:golden_axe"
                }
            },
            {
                "type": "origins:ingredient",
                "ingredient": {
                    "item": "minecraft:diamond_axe"
                }
            },
            {
                "type": "origins:ingredient",
                "ingredient": {
                    "item": "minecraft:netherite_axe"
                }
            }
        ]
    },
    "hidden": true
}