{
    "type": "origins:action_over_time",
    "entity_action": {
        "type": "origins:apply_effect",
        "effects": [{
                "effect": "minecraft:slowness",
                "duration": 60,
                "amplifier": 4,
                "show_icon": false,
                "show_particles": false,
                "is_ambient": true
            },
            {
                "effect": "minecraft:weakness",
                "duration": 60,
                "amplifier": 0,
                "show_icon": false,
                "show_particles": false,
                "is_ambient": true
            },
            {
                "effect": "minecraft:mining_fatigue",
                "duration": 60,
                "amplifier": 0,
                "show_icon": false,
                "show_particles": false,
                "is_ambient": true
            }
        ]
    },
    "interval": 1,
    "condition": {
        "type": "origins:resource",
        "resource": "zorras:golem/resource",
        "comparison": "==",
        "compare_to": 2
    },
    "name": "Rusting",
    "description": "Being exposed to water for too long will start to make you rust which makes you weaker."
}