{
	"powers": [
		"origins:dragonkin",
		"origins:dragon_vitality",
		"origins:dragon_metabolism",
		"origins:carnivore",
		"origins:dragon_armor",
		"origins:dragon_pride",
		"origins:fire_immunity",
		"origins:elytra",
		"origins:launch_into_air"
	],
	"icon": {
		"item": "minecraft:magma_cream"
	},
	"order": 1,
	"impact": 3,
	"name": "Dragonborn",
	"description":"Dovahkiin, Dovahkiin, naal ok zin los vahriin, Wah dein vokul mahfaeraak ahst vaal! Ahrk fin norok paal graan fod nust hon zindro zaan, Dovahkiin, fah hin kogaan mu draal! "
}