{
  "type": "origins:phasing",
  "block_condition": {
    "type": "origins:and",
    "conditions": [
      {
        "type": "origins:in_tag",
        "tag": "genesis:burrow_blocks"
      },
      {
        "type": "origins:offset",
        "y": 3,
        "condition": {
          "type": "origins:movement_blocking",
          "inverted": true
        }
      }
    ]
  },
  "tag": "genesis:burrow_blocks",
  "phase_down_condition": {
    "type": "origins:sneaking",
    "block_condition": {
      "type": "origins:in_tag",
      "tag": "genesis:burrow_blocks"
    },
    "inverted": false
  },

  "name": "§2§nBurrow",
  "description": "Inheriting from your insectoid ancestors, you can burrow through most kinds of stone, but not very far."
}