{
  "type": "origins:active_self",
  "entity_action":{
    "type":"origins:block_action_at",
    "block_action":{
      "type":"origins:offset",
      "y":-1,
      "action":{
        "type":"origins:set_block",
        "block":"minecraft:infested_stone"
      }
    }
  },
  "condition": {
    "type": "origins:on_block",
    "block_condition": {
      "type": "origins:block",
      "block": "minecraft:stone"
    }
  },
  "cooldown": 100,
  "hud_render": {
    "should_render": true,
    "bar_index": 8
  },
  "key": "primary",
  "name":"§2§nInfest",
  "description":"Your brethren infest the stone on which you stand."
}
