{

  "type": "origins:stacking_status_effect",
  "min_stacks": 0,
  "max_stacks": 20,
  "duration_per_stack": 10,
  "effect": {
    "effect": "minecraft:blindness",
    "amplifier": 0,
    "show_particles": false,
    "show_icon": false
  },
  "condition": {
    "type": "origins:brightness",
    "comparison": ">",
    "compare_to": "0.8"
  },

  "name": "§9§nBorn Underground",
  "description": "Some light is just too bright, and you get blindness if it is. But in the shadow, you can see clearly."
}