{
    "type": "origins:active_self",
    "entity_action": {
        "type": "origins:if_else",
        "if_action": {
            "type": "origins:change_resource",
            "resource": "zorras:illager/illusioner/resource",
            "change": 1
        },
        "else_action": {
            "type": "origins:change_resource",
            "resource": "zorras:illager/illusioner/resource",
            "change": -1
        },
        "condition": {
            "type": "origins:resource",
            "resource": "zorras:illager/illusioner/resource",
            "comparison": "==",
            "compare_to": 0
        }
    },
    "hud_render": {
        "should_render": true,
        "sprite_location": "origins:textures/gui/community/spiderkolo/resource_bar_03.png",
        "bar_index": 14
    },
    "key": {
        "key": "key.origins.secondary_active"
    },
    "cooldown": 120,
    "hidden": true
}