{
    "type": "origins:modify_damage_dealt",
    "damage_condition": {
        "type": "origins:attacker",
        "entity_condition": {
            "type": "origins:equipped_item",
            "equipment_slot": "mainhand",
            "item_condition": {
                "type": "origins:ingredient",
                "ingredient": {
                    "item": "minecraft:iron_axe"
                }
            }
        }
    },
    "modifier": {
        "operation": "multiply_base",
        "value": 3.5
    },
    "name": "Axe Combatant",
    "description": "You do much more damage with an iron axe."
}