{
    "type": "origins:fire_projectile",
    "entity_type": "minecraft:snowball",
    "tag": "{Passengers:[{id:\"minecraft:arrow\",player:0b}],Item:{id:\"minecraft:slime_ball\",Count:1b}}",
    "count": 3,
    "divergence": 1.2,
    "sound": "minecraft:entity.panda.sneeze",
    "speed": 1,
    "hud_render": {
        "should_render": true,
        "sprite_location": "origins:textures/gui/community/spiderkolo/resource_bar_02.png",
        "bar_index": 22
    },
    "key": {
        "key": "key.origins.primary_active"
    },
    "condition": {
        "type": "origins:on_fire"
    },
    "cooldown": 160,
    "name": "Sneeze",
    "description": "You can sneeze on command sending your spit and muckous into the face of others... Unless your on fire"
}