{
    "type": "origins:action_over_time",
    "entity_action": {
        "type": "origins:if_else",
        "condition": {
            "type": "origins:or",
            "conditions": [{
                    "type": "origins:block_in_radius",
                    "block_condition": {
                        "type": "origins:or",
                        "conditions": [{
                                "type": "origins:block",
                                "block": "minecraft:soul_fire"

                            },
                            {
                                "type": "origins:block",
                                "block": "minecraft:soul_campfire"

                            },
                            {
                                "type": "origins:block",
                                "block": "minecraft:soul_lantern"
                            },
                            {
                                "type": "origins:block",
                                "block": "minecraft:soul_torch"
                            }
                        ]
                    },
                    "radius": 8
                },
                {
                    "type": "origins:equipped_item",
                    "equipment_slot": "mainhand",
                    "item_condition": {
                        "type": "origins:or",
                        "conditions": [{
                                "type": "origins:ingredient",
                                "ingredient": {
                                    "item": "minecraft:soul_torch"
                                }
                            },
                            {
                                "type": "origins:ingredient",
                                "ingredient": {
                                    "item": "minecraft:soul_lantern"
                                }
                            }
                        ]
                    }
                },
                {
                    "type": "origins:equipped_item",
                    "equipment_slot": "offhand",
                    "item_condition": {
                        "type": "origins:or",
                        "conditions": [{
                                "type": "origins:ingredient",
                                "ingredient": {
                                    "item": "minecraft:soul_torch"
                                }
                            },
                            {
                                "type": "origins:ingredient",
                                "ingredient": {
                                    "item": "minecraft:soul_lantern"
                                }
                            }
                        ]
                    }
                }
            ]
        },
        "if_action": {
            "type": "origins:apply_effect",
            "effect": {
                "effect": "minecraft:strength",
                "duration": 80,
                "amplifier": 0,
                "show_icon": false,
                "show_particles": false
            }
        },
        "else_action": {
            "type": "origins:apply_effect",
            "effects": [{
                    "effect": "minecraft:slowness",
                    "duration": 80,
                    "amplifier": 0,
                    "show_icon": false,
                    "show_particles": false
                },
                {
                    "effect": "minecraft:mining_fatigue",
                    "duration": 80,
                    "amplifier": 0,
                    "show_icon": false,
                    "show_particles": false
                }
            ]
        }
    },
    "interval": 1,
    "name": "Soul Bound",
    "description": "You draw strenght from soul fire, having it around helps leviate the cures."
}