{
    "type": "origins:conditioned_attribute",
    "modifier": {
        "attribute": "minecraft:generic.movement_speed",
        "operation": "addition",
        "value": 0.1
    },
    "condition": {
        "type": "origins:or",
        "conditions": [{
                "type": "origins:in_block",
                "block_condition": {
                    "type": "origins:block",
                    "block": "minecraft:soul_sand"
                }
            },
            {
                "type": "origins:on_block",
                "block_condition": {
                    "type": "origins:block",
                    "block": "minecraft:soul_sand"
                }
            },
            {
                "type": "origins:on_block",
                "block_condition": {
                    "type": "origins:block",
                    "block": "minecraft:soul_soil"
                }
            }
        ]
    },
    "tick_rate": 1,
    "hidden": true
}