{
    "name": "True Skeleton",
    "hidden": true,
    "type": "origins:action_over_time",
    "interval": 20,
    "entity_action": {
        "type": "origins:and",
        "actions": [{
            "type": "origins:execute_command",
            "command": "team add Skeleton",
            "permission_level": 4
        }, {
            "type": "origins:execute_command",
            "command": "team join Skeleton @s",
            "permission_level": 4
        }, {
            "type": "origins:execute_command",
            "command": "team join Skeleton @e[type=#zorras:wskelly]",
            "permission_level": 4
        }]
    }
}