{
    "type": "origins:multiple",
    "skull": {
        "type": "origins:fire_projectile",
        "cooldown": 30,
        "count": 1,
        "speed": 3,
        "divergence": 1,
        "entity_type": "minecraft:wither_skull",
        "hud_render": {
            "should_render": false
        },
        "condition": {
            "type": "origins:and",
            "conditions": [{
                    "type": "origins:resource",
                    "comparison": "==",
                    "compare_to": 1,
                    "resource": "zorras:wither/skull/resource2"
                },
                {
                    "type": "origins:power_active",
                    "power": "zorras:wither/skull/skull"
                }
            ]
        }
    },
    "reset": {
        "type": "origins:action_over_time",
        "interval": 1,
        "entity_action": {
            "type": "origins:change_resource",
            "resource": "zorras:wither/skull/resource2",
            "change": -1
        },
        "condition": {
            "type": "origins:resource",
            "comparison": "==",
            "compare_to": 1,
            "resource": "zorras:wither/skull/resource2"
        }
    },
    "hidden": true
}