{
    "type": "origins:self_action_on_kill",
    "name": "Soul Gatherer",
    "description": "Whenever you kill a living thing you consume its soul.",
    "entity_action": {
        "type": "origins:and",
        "actions": [{
            "type": "origins:if_else",
            "condition": {
                "type": "origins:resource",
                "resource": "zorras:wither/skull/resource",
                "comparison": "==",
                "compare_to": 30
            },
            "if_action": {
                "type": "origins:heal",
                "amount": 1
            },
            "else_action": {
                "type": "origins:change_resource",
                "resource": "zorras:wither/skull/resource",
                "change": 1
            }
        }]
    },
    "target_condition": {
        "type": "origins:and",
        "conditions": [{
                "type": "origins:entity_type",
                "entity_type": "minecraft:wither",
                "inverted": true
            },
            {
                "type": "origins:entity_type",
                "entity_type": "minecraft:wither_skull",
                "inverted": true
            },
            {
                "type": "origins:entity_type",
                "entity_type": "minecraft:endermite",
                "inverted": true
            },
            {
                "type": "origins:entity_type",
                "entity_type": "minecraft:egg",
                "inverted": true
            },
            {
                "type": "origins:entity_type",
                "entity_type": "minecraft:ender_pearl",
                "inverted": true
            },
            {
                "type": "origins:entity_type",
                "entity_type": "minecraft:snowball",
                "inverted": true
            },
            {
                "type": "origins:entity_type",
                "entity_type": "minecraft:boat",
                "inverted": true
            },
            {
                "type": "origins:entity_type",
                "entity_type": "minecraft:end_crystal",
                "inverted": true
            },
            {
                "type": "origins:entity_type",
                "entity_type": "minecraft:minecart",
                "inverted": true
            },
            {
                "type": "origins:entity_type",
                "entity_type": "minecraft:arrow",
                "inverted": true
            },
            {
                "type": "origins:entity_type",
                "entity_type": "minecraft:spectral_arrow",
                "inverted": true
            },
            {
                "type": "origins:entity_type",
                "entity_type": "minecraft:armor_stand",
                "inverted": true
            },
            {
                "type": "origins:entity_type",
                "entity_type": "minecraft:falling_block",
                "inverted": true
            },
            {
                "type": "origins:entity_type",
                "entity_type": "minecraft:eye_of_ender",
                "inverted": true
            },
            {
                "type": "origins:entity_type",
                "entity_type": "minecraft:item_frame",
                "inverted": true
            },
            {
                "type": "origins:entity_type",
                "entity_type": "minecraft:experience_bottle",
                "inverted": true
            },
            {
                "type": "origins:entity_type",
                "entity_type": "minecraft:experience_orb",
                "inverted": true
            },
            {
                "type": "origins:entity_type",
                "entity_type": "minecraft:leash_knot",
                "inverted": true
            },
            {
                "type": "origins:entity_type",
                "entity_type": "minecraft:llama_spit",
                "inverted": true
            },
            {
                "type": "origins:entity_type",
                "entity_type": "minecraft:spawner_minecart",
                "inverted": true
            },
            {
                "type": "origins:entity_type",
                "entity_type": "minecraft:command_block_minecart",
                "inverted": true
            },
            {
                "type": "origins:entity_type",
                "entity_type": "minecraft:chest_minecart",
                "inverted": true
            },
            {
                "type": "origins:entity_type",
                "entity_type": "minecraft:tnt_minecart",
                "inverted": true
            },
            {
                "type": "origins:entity_type",
                "entity_type": "minecraft:tnt",
                "inverted": true
            },
            {
                "type": "origins:entity_type",
                "entity_type": "minecraft:fishing_bobber",
                "inverted": true
            },
            {
                "type": "origins:entity_type",
                "entity_type": "minecraft:fireball",
                "inverted": true
            },
            {
                "type": "origins:entity_type",
                "entity_type": "minecraft:dragon_fireball",
                "inverted": true
            },
            {
                "type": "origins:entity_type",
                "entity_type": "minecraft:small_fireball",
                "inverted": true
            },
            {
                "type": "origins:entity_type",
                "entity_type": "minecraft:firework_rocket",
                "inverted": true
            },
            {
                "type": "origins:entity_type",
                "entity_type": "minecraft:hopper_minecart",
                "inverted": true
            },
            {
                "type": "origins:entity_type",
                "entity_type": "minecraft:furnace_minecart",
                "inverted": true
            },
            {
                "type": "origins:entity_type",
                "entity_type": "minecraft:item",
                "inverted": true
            },
            {
                "type": "origins:entity_type",
                "entity_type": "minecraft:painting",
                "inverted": true
            },
            {
                "type": "origins:entity_type",
                "entity_type": "minecraft:trident",
                "inverted": true
            },
            {
                "type": "origins:entity_type",
                "entity_type": "minecraft:potion",
                "inverted": true
            },
            {
                "type": "origins:entity_type",
                "entity_type": "minecraft:shulker_bullet",
                "inverted": true
            },
            {
                "type": "origins:entity_type",
                "entity_type": "minecraft:evoker_fangs",
                "inverted": true
            }
        ]
    },
    "cooldown": 20
}