{
    "type": "origins:active_self",
    "name": "Focus Soul",
    "description": "Heal yourself for half a heart, or launch a burst of souls to demolish a target.",
    "entity_action": {
        "type": "origins:if_else",
        "condition": {
            "type": "origins:resource",
            "resource": "zorras:wither/skull/resource",
            "comparison": ">=",
            "compare_to": 10
        },
        "if_action": {
            "type": "origins:and",
            "actions": [{
                    "type": "origins:change_resource",
                    "resource": "zorras:wither/skull/resource",
                    "change": -10
                },
                {
                    "type": "origins:change_resource",
                    "resource": "zorras:wither/skull/resource2",
                    "change": 1
                }
            ]
        },
        "else_action": {
            "type": "origins:if_else",
            "condition": {
                "type": "origins:resource",
                "resource": "zorras:wither/skull/resource",
                "comparison": ">=",
                "compare_to": 1
            },
            "if_action": {
                "type": "origins:and",
                "actions": [{
                        "type": "origins:change_resource",
                        "resource": "zorras:wither/skull/resource",
                        "change": -1
                    },
                    {
                        "type": "origins:heal",
                        "amount": 2
                    },
                    {
                        "type": "origins:feed",
                        "food": 4,
                        "saturation": 6
                    }
                ]
            },
            "else_action": {
                "type": "origins:change_resource",
                "resource": "zorras:wither/skull/resource",
                "change": 0
            }
        }
    },
    "cooldown": 200,
    "hud_render": {
        "should_render": true,
        "bar_index": 19,
        "sprite_location": "origins:textures/gui/community/spiderkolo/resource_bar_02.png"
    }
}