{
  "type": "origins:restrict_armor",
  "head": {
    "type": "origins:armor_value",
    "comparison": ">",
    "compare_to": 0
  },
  "chest": {
    "type": "origins:armor_value",
    "comparison": ">",
    "compare_to": 0
  },
  "legs": {
    "type": "origins:armor_value",
    "comparison": ">",
    "compare_to": 0
  },
  "feet": {
    "type": "origins:armor_value",
    "comparison": ">",
    "compare_to": 0
  },
    "name": "Dragon's Pride",
	"description": "Proud Dragons need no armor, their scale like skin is the greatest armor! Its not because the armor wouldn't fit or anything... "
}