{
    "type": "origins:prevent_item_use",
    "item_condition": {
        "type": "origins:or",
        "conditions": [{
                "type": "origins:ingredient",
                "ingredient": {
                    "item": "minecraft:bow"
                }
            },
            {
                "type": "origins:ingredient",
                "ingredient": {
                    "item": "minecraft:crossbow"
                }
            },
            {
                "type": "origins:ingredient",
                "ingredient": {
                    "item": "minecraft:trident"
                }
            },
            {
                "type": "origins:ingredient",
                "ingredient": {
                    "item": "minecraft:elytra"
                }
            }
        ]
    },
    "name": "Heavy Weight",
    "description": "You are too heavy to wear and fly with an elytra."
}