{
    "type": "origins:self_action_on_kill",
    "entity_action": {
        "type": "origins:chance",
        "action": {
            "type": "origins:give",
            "stack": {
                "item": "minecraft:emerald",
                "amount": 1
            }
        },
        "chance": 0.75
    },
    "target_condition": {
        "type": "origins:entity_type",
        "entity_type": "minecraft:villager"
    },
    "cooldown": 1,
    "hud_render": {
        "should_render": false
    },
    "name": "Raider's Prize",
    "description": "When you kill a villager you will get a shiny emerald nearly everytime."
}