{
    "type": "origins:action_over_time",
    "entity_action": {
        "type": "origins:apply_effect",
        "effect": {
            "effect": "minecraft:bad_omen",
            "amplifier": 2,
            "duration": 40,
            "show_icon": false,
            "show_particles": false
        }
    },
    "condition": {
        "type": "origins:predicate",
        "predicate": "zorras:village",
        "inverted": true
    },
    "interval": 1,
    "name": "Bad Omen",
    "description": "You are a bad omen so don't be going near villages... or do, you are a raider after all."
}