{
    "type": "origins:self_action_on_hit",
    "entity_action": {
        "type": "origins:execute_command",
        "command": "team leave @s",
        "permission_level": 4
    },
    "target_condition": {
        "type": "origins:or",
        "conditions": [{
                "type": "origins:entity_type",
                "entity_type": "minecraft:pillager"
            },
            {
                "type": "origins:entity_type",
                "entity_type": "minecraft:evoker"
            },
            {
                "type": "origins:entity_type",
                "entity_type": "minecraft:vindicator"
            },
            {
                "type": "origins:entity_type",
                "entity_type": "minecraft:illusioner"
            },
            {
                "type": "origins:entity_type",
                "entity_type": "minecraft:ravager"
            },
            {
                "type": "origins:entity_type",
                "entity_type": "minecraft:vex"
            },
            {
                "type": "origins:entity_type",
                "entity_type": "minecraft:witch"
            }
        ]
    },
    "cooldown": 1,
    "hidden": true
}