{
    "type": "origins:action_over_time",
    "interval": 1,
    "entity_action": {
        "type": "origins:execute_command",
        "command": "team leave @s",
        "permission_level": 4
    },
    "condition": {
        "type": "origins:and",
        "conditions": [{
                "type": "origins:origin",
                "origin": "zorras:illager",
                "inverted": true
            },
            {
                "type": "origins:origin",
                "origin": "zorras:pillager",
                "inverted": true
            },
            {
                "type": "origins:origin",
                "origin": "zorras:vindicator",
                "inverted": true
            },
            {
                "type": "origins:origin",
                "origin": "zorras:witch",
                "inverted": true
            },
            {
                "type": "origins:origin",
                "origin": "zorras:evoker",
                "inverted": true
            },
            {
                "type": "origins:origin",
                "origin": "zorras:ravager",
                "inverted": true
            },
            {
                "type": "origins:origin",
                "origin": "zorras:illusioner",
                "inverted": true
            }
        ]
    },
    "hidden": true
}