{
    "type": "origins:action_over_time",
    "entity_action": {
        "type": "origins:and",
        "actions": [{
                "type": "origins:execute_command",
                "command": "team add Illager",
                "permission_level": 4
            },
            {
                "type": "origins:execute_command",
                "command": "team join Illager @s",
                "permission_level": 4
            },
            {
                "type": "origins:execute_command",
                "command": "team join Illager @e[type=#zorras:illager]",
                "permission_level": 4
            }
        ]
    },
    "interval": 400,
    "name": "Illager Neutrality",
    "description": "All types of illagers are friendly, until you attack them."
}