{
    "type": "origins:action_over_time",
    "interval": 1,
    "entity_action": {
        "type": "origins:and",
        "actions": [{
                "type": "origins:execute_command",
                "command": "origin set @s origins:origin zorras:pillager",
                "permission_level": 4
            },
            {
                "type": "origins:execute_command",
                "command": "tellraw @s \"You've mastered the crossbow! The skills have been acquired to upgraded to Pillager.\"",
                "permission_level": 4
            }
        ]
    },
    "condition": {
        "type": "origins:and",
        "conditions": [{
                "type": "origins:advancement",
                "advancement": "minecraft:adventure/ol_betsy"
            },
            {
                "type": "origins:origin",
                "origin": "zorras:illager"
            }
        ]
    },
    "name": "Path - Pillager",
    "description": "Charge a crossbow and destroy your targets to become a Master of Archery"
}