{
    "type": "origins:action_over_time",
    "interval": 1,
    "entity_action": {
        "type": "origins:and",
        "actions": [{
                "type": "origins:execute_command",
                "command": "origin set @s origins:origin zorras:witch",
                "permission_level": 4
            },
            {
                "type": "origins:execute_command",
                "command": "tellraw @s \"Mastering brewing was the fun part! The skills have been acquired to upgrded to Witch.\"",
                "permission_level": 4
            }
        ]
    },
    "condition": {
        "type": "origins:and",
        "conditions": [{
                "type": "origins:advancement",
                "advancement": "minecraft:nether/brew_potion"
            },
            {
                "type": "origins:origin",
                "origin": "zorras:illager"
            }
        ]
    },
    "name": "Path - Witch",
    "description": "You can become a master or potions by brewing your first potion."
}