{
    "type": "origins:action_over_time",
    "interval": 1,
    "entity_action": {
        "type": "origins:and",
        "actions": [{
                "type": "origins:execute_command",
                "command": "origin set @s origins:origin zorras:vindicator",
                "permission_level": 4
            },
            {
                "type": "origins:execute_command",
                "command": "tellraw @s \"You don't take the hits you deal them! The skills have been acquired to upgraded to Vindicator.\"",
                "permission_level": 4
            }
        ]
    },
    "condition": {
        "type": "origins:and",
        "conditions": [{
                "type": "origins:advancement",
                "advancement": "minecraft:story/obtain_armor"
            },
            {
                "type": "origins:origin",
                "origin": "zorras:illager"
            }
        ]
    },
    "name": "Path - Vindicator",
    "description": "To become a master of combat you first must learn how to protect yourself, Craft some armor."
}