{
    "hidden": false,
    "type": "origins:active_self",
    "name": "Kelp Diet",
    "description": "You are a herbivore so you can only eat plants, now you can eat kelp without cooking it!",
    "cooldown": 32,
    "key": {
        "key": "key.use",
        "continuous": true
    },
    "hud_render": {
        "should_render": false
    },
    "entity_action": {
        "type": "origins:and",
        "actions": [{
                "type": "origins:change_resource",
                "resource": "zorras:turtle/kelp/haseatenbool",
                "change": -1
            },
            {
                "type": "origins:if_else",
                "condition": {
                    "type": "origins:and",
                    "inverted": false,
                    "conditions": [{
                            "type": "origins:or",
                            "inverted": false,
                            "conditions": [{
                                    "type": "origins:equipped_item",
                                    "inverted": false,
                                    "equipment_slot": "mainhand",
                                    "item_condition": {
                                        "type": "origins:ingredient",
                                        "inverted": false,
                                        "ingredient": {
                                            "item": "minecraft:kelp"
                                        }
                                    }
                                },
                                {
                                    "type": "origins:equipped_item",
                                    "inverted": false,
                                    "equipment_slot": "offhand",
                                    "item_condition": {
                                        "type": "origins:ingredient",
                                        "inverted": false,
                                        "ingredient": {
                                            "item": "minecraft:kelp"
                                        }
                                    }
                                }
                            ]
                        },
                        {
                            "type": "origins:resource",
                            "inverted": false,
                            "comparison": "==",
                            "resource": "zorras:turtle/kelp/resource",
                            "compare_to": 32
                        },
                        {
                            "type": "origins:resource",
                            "inverted": false,
                            "comparison": "==",
                            "resource": "zorras:turtle/kelp/haseatenbool",
                            "compare_to": 0
                        }
                    ]
                },
                "if_action": {
                    "type": "origins:and",
                    "actions": [{
                            "type": "origins:if_else",
                            "condition": {
                                "type": "origins:equipped_item",
                                "inverted": false,
                                "equipment_slot": "mainhand",
                                "item_condition": {
                                    "type": "origins:ingredient",
                                    "inverted": false,
                                    "ingredient": {
                                        "item": "minecraft:kelp"
                                    }
                                }
                            },
                            "if_action": {
                                "type": "origins:execute_command",
                                "permission_level": 4,
                                "command": "execute as @a[nbt={SelectedItem:{id:\"minecraft:kelp\"}}] run clear @s minecraft:kelp 1"
                            },
                            "else_action": {
                                "type": "origins:execute_command",
                                "permission_level": 4,
                                "command": "execute as @s[nbt={Inventory:[{Slot:-106b, id: \"minecraft:kelp\"}]}] run clear @s minecraft:kelp 1"
                            }
                        },
                        {
                            "type": "origins:execute_command",
                            "permission_level": 4,
                            "command": "playsound minecraft:entity.turtle.egg_break master @s ~ ~ ~ 0.5"
                        },
                        {
                            "type": "origins:change_resource",
                            "resource": "zorras:turtle/kelp/haseatenbool",
                            "change": 1
                        },
                        {
                            "type": "origins:change_resource",
                            "resource": "zorras:turtle/kelp/resource",
                            "change": -32
                        },
                        {
                            "type": "origins:feed",
                            "food": 2,
                            "saturation": 0.6
                        }
                    ]
                }
            }
        ]
    },
    "condition": {
        "type": "origins:or",
        "inverted": false,
        "conditions": [{
            "type": "origins:or",
            "inverted": false,
            "conditions": [{
                    "type": "origins:equipped_item",
                    "inverted": false,
                    "equipment_slot": "mainhand",
                    "item_condition": {
                        "type": "origins:ingredient",
                        "inverted": false,
                        "ingredient": {
                            "item": "minecraft:kelp"
                        }
                    }
                },
                {
                    "type": "origins:equipped_item",
                    "inverted": false,
                    "equipment_slot": "offhand",
                    "item_condition": {
                        "type": "origins:ingredient",
                        "inverted": false,
                        "ingredient": {
                            "item": "minecraft:kelp"
                        }
                    }
                }
            ]
        }]
    }
}