{
  "replace": false,
  "powers": [
    "origins:phantomize",
    "genesis:silverfish/burrow",
    "genesis:silverfish/silverfriend",
    "genesis:silverfish/silverteam",
    "genesis:silverfish/infest",
    "genesis:silverfish/insect",
    "genesis:silverfish/nocturnal",
    "genesis:silverfish/squishy",
    "genesis:silverfish/night_vision"
  ],
  "icon": "minecraft:infested_stone",
  "order": 5,
  "impact": 2,
  "name":"§a§lInfested",
  "description": "§a§oYou are descended from the scuttling silverfish. They know you, and come at your call."
}