{
    "type": "origins:self_action_on_kill",
    "name": "Life Drain",
    "description": "Killing gives you some health of your dead target. Stacking with each kill giving you more and more health every kill!",
    "entity_action": {
        "type": "origins:if_else_list",
        "actions": [{
                "action": {
                    "type": "origins:apply_effect",
                    "effect": {
                        "effect": "minecraft:absorption",
                        "amplifier": 0,
                        "duration": 3600,
                        "show_particles": false,
                        "show_icon": false
                    }
                },
                "condition": {
                    "type": "origins:status_effect",
                    "effect": "minecraft:absorption",
                    "inverted": true
                }
            },
            {
                "action": {
                    "type": "origins:apply_effect",
                    "effect": {
                        "effect": "minecraft:absorption",
                        "amplifier": 1,
                        "duration": 3600,
                        "show_particles": false,
                        "show_icon": false
                    }
                },
                "condition": {
                    "type": "origins:status_effect",
                    "effect": "minecraft:absorption",
                    "max_amplifier": 0
                }
            },
            {
                "action": {
                    "type": "origins:apply_effect",
                    "effect": {
                        "effect": "minecraft:absorption",
                        "amplifier": 2,
                        "duration": 3600,
                        "show_particles": false,
                        "show_icon": false
                    }
                },
                "condition": {
                    "type": "origins:status_effect",
                    "effect": "minecraft:absorption",
                    "max_amplifier": 1
                }
            },
            {
                "action": {
                    "type": "origins:apply_effect",
                    "effect": {
                        "effect": "minecraft:absorption",
                        "amplifier": 3,
                        "duration": 3600,
                        "show_particles": false,
                        "show_icon": false
                    }
                },
                "condition": {
                    "type": "origins:status_effect",
                    "effect": "minecraft:absorption",
                    "max_amplifier": 2
                }
            },
            {
                "action": {
                    "type": "origins:apply_effect",
                    "effect": {
                        "effect": "minecraft:absorption",
                        "amplifier": 4,
                        "duration": 3600,
                        "show_particles": false,
                        "show_icon": false
                    }
                },
                "condition": {
                    "type": "origins:status_effect",
                    "effect": "minecraft:absorption",
                    "max_amplifier": 3
                }
            },
            {
                "action": {
                    "type": "origins:apply_effect",
                    "effect": {
                        "effect": "minecraft:absorption",
                        "amplifier": 4,
                        "duration": 3600,
                        "show_particles": false,
                        "show_icon": false
                    }
                },
                "condition": {
                    "type": "origins:status_effect",
                    "effect": "minecraft:absorption",
                    "max_amplifier": 4
                }
            }
        ]
    },
    "target_condition": {
        "type": "origins:and",
        "conditions": [{
                "type": "origins:entity_type",
                "entity_type": "minecraft:wither",
                "inverted": true
            },
            {
                "type": "origins:entity_type",
                "entity_type": "minecraft:skeleton",
                "inverted": true
            },
            {
                "type": "origins:entity_type",
                "entity_type": "minecraft:stray",
                "inverted": true
            },
            {
                "type": "origins:entity_type",
                "entity_type": "minecraft:skeleton_horse",
                "inverted": true
            },
            {
                "type": "origins:entity_type",
                "entity_type": "minecraft:vex",
                "inverted": true
            },
            {
                "type": "origins:entity_type",
                "entity_type": "minecraft:wither_skull",
                "inverted": true
            },
            {
                "type": "origins:entity_type",
                "entity_type": "minecraft:endermite",
                "inverted": true
            },
            {
                "type": "origins:entity_type",
                "entity_type": "minecraft:egg",
                "inverted": true
            },
            {
                "type": "origins:entity_type",
                "entity_type": "minecraft:ender_pearl",
                "inverted": true
            },
            {
                "type": "origins:entity_type",
                "entity_type": "minecraft:snowball",
                "inverted": true
            },
            {
                "type": "origins:entity_type",
                "entity_type": "minecraft:boat",
                "inverted": true
            },
            {
                "type": "origins:entity_type",
                "entity_type": "minecraft:end_crystal",
                "inverted": true
            },
            {
                "type": "origins:entity_type",
                "entity_type": "minecraft:minecart",
                "inverted": true
            },
            {
                "type": "origins:entity_type",
                "entity_type": "minecraft:arrow",
                "inverted": true
            },
            {
                "type": "origins:entity_type",
                "entity_type": "minecraft:spectral_arrow",
                "inverted": true
            },
            {
                "type": "origins:entity_type",
                "entity_type": "minecraft:armor_stand",
                "inverted": true
            },
            {
                "type": "origins:entity_type",
                "entity_type": "minecraft:falling_block",
                "inverted": true
            },
            {
                "type": "origins:entity_type",
                "entity_type": "minecraft:eye_of_ender",
                "inverted": true
            },
            {
                "type": "origins:entity_type",
                "entity_type": "minecraft:item_frame",
                "inverted": true
            },
            {
                "type": "origins:entity_type",
                "entity_type": "minecraft:experience_bottle",
                "inverted": true
            },
            {
                "type": "origins:entity_type",
                "entity_type": "minecraft:experience_orb",
                "inverted": true
            },
            {
                "type": "origins:entity_type",
                "entity_type": "minecraft:leash_knot",
                "inverted": true
            },
            {
                "type": "origins:entity_type",
                "entity_type": "minecraft:llama_spit",
                "inverted": true
            },
            {
                "type": "origins:entity_type",
                "entity_type": "minecraft:spawner_minecart",
                "inverted": true
            },
            {
                "type": "origins:entity_type",
                "entity_type": "minecraft:command_block_minecart",
                "inverted": true
            },
            {
                "type": "origins:entity_type",
                "entity_type": "minecraft:chest_minecart",
                "inverted": true
            },
            {
                "type": "origins:entity_type",
                "entity_type": "minecraft:tnt_minecart",
                "inverted": true
            },
            {
                "type": "origins:entity_type",
                "entity_type": "minecraft:tnt",
                "inverted": true
            },
            {
                "type": "origins:entity_type",
                "entity_type": "minecraft:fishing_bobber",
                "inverted": true
            },
            {
                "type": "origins:entity_type",
                "entity_type": "minecraft:fireball",
                "inverted": true
            },
            {
                "type": "origins:entity_type",
                "entity_type": "minecraft:dragon_fireball",
                "inverted": true
            },
            {
                "type": "origins:entity_type",
                "entity_type": "minecraft:small_fireball",
                "inverted": true
            },
            {
                "type": "origins:entity_type",
                "entity_type": "minecraft:firework_rocket",
                "inverted": true
            },
            {
                "type": "origins:entity_type",
                "entity_type": "minecraft:hopper_minecart",
                "inverted": true
            },
            {
                "type": "origins:entity_type",
                "entity_type": "minecraft:furnace_minecart",
                "inverted": true
            },
            {
                "type": "origins:entity_type",
                "entity_type": "minecraft:item",
                "inverted": true
            },
            {
                "type": "origins:entity_type",
                "entity_type": "minecraft:painting",
                "inverted": true
            },
            {
                "type": "origins:entity_type",
                "entity_type": "minecraft:trident",
                "inverted": true
            },
            {
                "type": "origins:entity_type",
                "entity_type": "minecraft:potion",
                "inverted": true
            },
            {
                "type": "origins:entity_type",
                "entity_type": "minecraft:shulker_bullet",
                "inverted": true
            },
            {
                "type": "origins:entity_type",
                "entity_type": "minecraft:evoker_fangs",
                "inverted": true
            }
        ]
    },
    "cooldown": 100
}