{
    "type": "origins:entity_glow",
    "entity_condition": {
        "type": "origins:and",
        "conditions": [{
                "type": "origins:in_tag",
                "tag": "zorras:heat",
                "inverted": true
            },
            {
                "type": "origins:exposed_to_sky"
            }
        ]
    },
    "condition": {
        "type": "origins:and",
        "conditions": [{
                "type": "origins:submerged_in",
                "fluid": "minecraft:water",
                "inverted": true
            },
            {
                "type": "origins:dimension",
                "dimension": "minecraft:the_end",
                "inverted": true
            },
            {
                "type": "origins:resource",
                "resource": "zorras:snake/resource",
                "comparison": "==",
                "compare_to": 1
            },
            {
                "type": "origins:exposed_to_sky"
            }
        ]
    },
    "hidden": true
}