{
    "type": "origins:active_self",
    "hidden": true,
    "entity_action": {
        "type": "origins:if_else",
        "if_action": {
            "type": "origins:change_resource",
            "resource": "zorras:snake/resource",
            "change": 1
        },
        "else_action": {
            "type": "origins:change_resource",
            "resource": "zorras:snake/resource",
            "change": -1
        },
        "condition": {
            "type": "origins:resource",
            "resource": "zorras:snake/resource",
            "comparison": "==",
            "compare_to": 0
        }
    },
    "cooldown": 1,
    "hud_render": {
        "should_render": false
    }
}