{
    "type": "origins:action_over_time",
    "name": "Heat Vision",
    "description": "You see heat radiating off your enemies allowing you to see in them from almost anywhere. Everything else is hard to see in the light",
    "entity_action": {
        "type": "origins:apply_effect",
        "effect": {
            "effect": "minecraft:night_vision",
            "duration": 260,
            "amplifier": 0,
            "show_particles": false,
            "show_icon": false
        }
    },
    "condition": {
        "type": "origins:and",
        "conditions": [{
                "type": "origins:daytime",
                "inverted": true
            },
            {
                "type": "origins:exposed_to_sky"
            }
        ]
    },
    "interval": 20
}