{
    "hidden": false,
    "type": "origins:active_self",
    "name": "Panda Diet",
    "description": "You live in the jungle where bamboo is plenteful so you've adapated to eat it more and more.",
    "cooldown": 32,
    "key": {
        "key": "key.use",
        "continuous": true
    },
    "hud_render": {
        "should_render": false,
        "sprite_location": "origins:textures/gui/resource_bar.png"
    },
    "entity_action": {
        "type": "origins:and",
        "actions": [{
                "type": "origins:change_resource",
                "resource": "zorras:panda/bamboo/haseatenbool",
                "change": -1
            },
            {
                "type": "origins:if_else",
                "condition": {
                    "type": "origins:and",
                    "inverted": false,
                    "conditions": [{
                            "type": "origins:or",
                            "inverted": false,
                            "conditions": [{
                                    "type": "origins:equipped_item",
                                    "inverted": false,
                                    "equipment_slot": "mainhand",
                                    "item_condition": {
                                        "type": "origins:ingredient",
                                        "inverted": false,
                                        "ingredient": {
                                            "item": "minecraft:bamboo"
                                        }
                                    }
                                },
                                {
                                    "type": "origins:equipped_item",
                                    "inverted": false,
                                    "equipment_slot": "offhand",
                                    "item_condition": {
                                        "type": "origins:ingredient",
                                        "inverted": false,
                                        "ingredient": {
                                            "item": "minecraft:bamboo"
                                        }
                                    }
                                }
                            ]
                        },
                        {
                            "type": "origins:resource",
                            "inverted": false,
                            "comparison": "==",
                            "resource": "zorras:panda/bamboo/resource",
                            "compare_to": 32
                        },
                        {
                            "type": "origins:resource",
                            "inverted": false,
                            "comparison": "==",
                            "resource": "zorras:panda/bamboo/haseatenbool",
                            "compare_to": 0
                        }
                    ]
                },
                "if_action": {
                    "type": "origins:and",
                    "actions": [{
                            "type": "origins:if_else",
                            "condition": {
                                "type": "origins:equipped_item",
                                "inverted": false,
                                "equipment_slot": "mainhand",
                                "item_condition": {
                                    "type": "origins:ingredient",
                                    "inverted": false,
                                    "ingredient": {
                                        "item": "minecraft:bamboo"
                                    }
                                }
                            },
                            "if_action": {
                                "type": "origins:execute_command",
                                "permission_level": 4,
                                "command": "execute as @a[nbt={SelectedItem:{id:\"minecraft:bamboo\"}}] run clear @s minecraft:bamboo 1"
                            },
                            "else_action": {
                                "type": "origins:execute_command",
                                "permission_level": 4,
                                "command": "execute as @s[nbt={Inventory:[{Slot:-106b, id: \"minecraft:bamboo\"}]}] run clear @s minecraft:bamboo 1"
                            }
                        },
                        {
                            "type": "origins:execute_command",
                            "permission_level": 4,
                            "command": "playsound minecraft:entity.panda.eat master @s ~ ~ ~ 1"
                        },
                        {
                            "type": "origins:change_resource",
                            "resource": "zorras:panda/bamboo/haseatenbool",
                            "change": 1
                        },
                        {
                            "type": "origins:change_resource",
                            "resource": "zorras:panda/bamboo/resource",
                            "change": -32
                        },
                        {
                            "type": "origins:feed",
                            "food": 8,
                            "saturation": 6
                        }
                    ]
                }
            },
            {
                "type": "origins:if_else",
                "condition": {
                    "type": "origins:and",
                    "inverted": false,
                    "conditions": [{
                            "type": "origins:or",
                            "inverted": false,
                            "conditions": [{
                                    "type": "origins:equipped_item",
                                    "inverted": false,
                                    "equipment_slot": "mainhand",
                                    "item_condition": {
                                        "type": "origins:ingredient",
                                        "inverted": false,
                                        "ingredient": {
                                            "item": "minecraft:glistering_melon_slice"
                                        }
                                    }
                                },
                                {
                                    "type": "origins:equipped_item",
                                    "inverted": false,
                                    "equipment_slot": "offhand",
                                    "item_condition": {
                                        "type": "origins:ingredient",
                                        "inverted": false,
                                        "ingredient": {
                                            "item": "minecraft:glistering_melon_slice"
                                        }
                                    }
                                }
                            ]
                        },
                        {
                            "type": "origins:resource",
                            "inverted": false,
                            "comparison": "==",
                            "resource": "zorras:panda/bamboo/resource",
                            "compare_to": 32
                        },
                        {
                            "type": "origins:resource",
                            "inverted": false,
                            "comparison": "==",
                            "resource": "zorras:panda/bamboo/haseatenbool",
                            "compare_to": 0
                        }
                    ]
                },
                "if_action": {
                    "type": "origins:and",
                    "actions": [{
                            "type": "origins:if_else",
                            "condition": {
                                "type": "origins:equipped_item",
                                "inverted": false,
                                "equipment_slot": "mainhand",
                                "item_condition": {
                                    "type": "origins:ingredient",
                                    "inverted": false,
                                    "ingredient": {
                                        "item": "minecraft:glistering_melon_slice"
                                    }
                                }
                            },
                            "if_action": {
                                "type": "origins:execute_command",
                                "permission_level": 4,
                                "command": "execute as @a[nbt={SelectedItem:{id:\"minecraft:glistering_melon_slice\"}}] run clear @s minecraft:glisterning_melon_slice 1"
                            },
                            "else_action": {
                                "type": "origins:execute_command",
                                "permission_level": 4,
                                "command": "execute as @s[nbt={Inventory:[{Slot:-106b, id: \"minecraft:glistering_melon_slice\"}]}] run clear @s minecraft:glisterning_melon_slice 1"
                            }
                        },
                        {
                            "type": "origins:execute_command",
                            "permission_level": 4,
                            "command": "playsound minecraft:entity.panda.eat master @s ~ ~ ~ 1"
                        },
                        {
                            "type": "origins:change_resource",
                            "resource": "zorras:panda/bamboo/haseatenbool",
                            "change": 1
                        },
                        {
                            "type": "origins:change_resource",
                            "resource": "zorras:panda/bamboo/resource",
                            "change": -32
                        },

                        {
                            "type": "origins:feed",
                            "food": 16,
                            "saturation": 12
                        }
                    ]
                }
            }
        ]
    },
    "condition": {
        "type": "origins:or",
        "inverted": false,
        "conditions": [{
                "type": "origins:or",
                "inverted": false,
                "conditions": [{
                        "type": "origins:equipped_item",
                        "inverted": false,
                        "equipment_slot": "mainhand",
                        "item_condition": {
                            "type": "origins:ingredient",
                            "inverted": false,
                            "ingredient": {
                                "item": "minecraft:bamboo"
                            }
                        }
                    },
                    {
                        "type": "origins:equipped_item",
                        "inverted": false,
                        "equipment_slot": "offhand",
                        "item_condition": {
                            "type": "origins:ingredient",
                            "inverted": false,
                            "ingredient": {
                                "item": "minecraft:bamboo"
                            }
                        }
                    }
                ]
            },
            {
                "type": "origins:or",
                "inverted": false,
                "conditions": [{
                        "type": "origins:equipped_item",
                        "inverted": false,
                        "equipment_slot": "mainhand",
                        "item_condition": {
                            "type": "origins:ingredient",
                            "inverted": false,
                            "ingredient": {
                                "item": "minecraft:glistering_melon_slice"
                            }
                        }
                    },
                    {
                        "type": "origins:equipped_item",
                        "inverted": false,
                        "equipment_slot": "offhand",
                        "item_condition": {
                            "type": "origins:ingredient",
                            "inverted": false,
                            "ingredient": {
                                "item": "minecraft:glistering_melon_slice"
                            }
                        }
                    }
                ]
            }
        ]
    }
}