{
    "hidden": true,
    "type": "origins:active_self",
    "name": "Custom Food Consumption",
    "description": "The power which actively consumes food. You can configure it in the following ways:\n\n",
    "cooldown": 5,
    "key": {
        "continuous": true,
        "key": "key.use"
    },
    "hud_render": {
        "should_render": false,
        "sprite_location": "origins:textures/gui/resource_bar.png"
    },
    "entity_action": {
        "type": "origins:and",
        "actions": [{
                "type": "origins:if_else",
                "condition": {
                    "type": "origins:resource",
                    "comparison": "<",
                    "resource": "zorras:panda/bamboo/resource",
                    "compare_to": 31
                },
                "if_action": {
                    "type": "origins:change_resource",
                    "resource": "zorras:panda/bamboo/haseatenbool",
                    "change": -1
                }
            },
            {
                "type": "origins:execute_command",
                "permission_level": 4,
                "command": "playsound entity.generic.eat master @s ~ ~ ~ 0.5"
            }
        ]
    },
    "condition": {
        "type": "origins:or",
        "conditions": [{
                "type": "origins:or",
                "conditions": [{
                        "type": "origins:equipped_item",
                        "equipment_slot": "mainhand",
                        "item_condition": {
                            "type": "origins:ingredient",
                            "ingredient": {
                                "item": "minecraft:bamboo"
                            }
                        }
                    },
                    {
                        "type": "origins:equipped_item",
                        "equipment_slot": "offhand",
                        "item_condition": {
                            "type": "origins:ingredient",
                            "ingredient": {
                                "item": "minecraft:bamboo"
                            }
                        }
                    }
                ]
            },
            {
                "type": "origins:or",
                "conditions": [{
                        "type": "origins:equipped_item",
                        "equipment_slot": "mainhand",
                        "item_condition": {
                            "type": "origins:ingredient",
                            "ingredient": {
                                "item": "minecraft:glistering_melon_slice"
                            }
                        }
                    },
                    {
                        "type": "origins:equipped_item",
                        "equipment_slot": "offhand",
                        "item_condition": {
                            "type": "origins:ingredient",
                            "ingredient": {
                                "item": "minecraft:glistering_melon_slice"
                            }
                        }
                    }
                ]
            }
        ]
    }
}