{
    "type": "origins:self_action_on_hit",
    "entity_action": {
        "type": "origins:heal",
        "amount": 1
    },
    "condition": {
        "type": "origins:equipped_item",
        "equipment_slot": "mainhand",
        "item_condition": {
            "type": "origins:ingredient",
            "ingredient": {
                "item": "minecraft:air"
            }
        }
    },
    "cooldown": 1,
    "hud_render": {
        "should_render": false
    },
    "name": "Infectious Bite",
    "description": "When using an empty hand dealing damage will heal you."
}