{
    "type": "origins:burn",
    "interval": 20,
    "burn_duration": 6,
    "condition": {
        "type": "origins:and",
        "conditions": [{
                "type": "origins:exposed_to_sun"
            },
            {
                "type": "origins:equipped_item",
                "equipment_slot": "head",
                "item_condition": {
                    "type": "origins:armor_value",
                    "comparison": "<",
                    "compare_to": 1
                }
            }
        ]
    },
    "name": "Photoallergic",
    "description": "Your skin has rotten so the sun is dangerous without some protection"
}