{
    "type": "origins:modify_food",
    "item_condition": {
        "type": "origins:ingredient",
        "ingredient": {
            "tag": "zorras:raw_meat"
        }
    },
    "food_modifier": {
        "operation": "addition",
        "value": 5,
        "name": "Food value gained from eating raw meats."
    },
    "saturation_modifier": {
        "operation": "addition",
        "value": 3,
        "name": "Saturation value gained from eating raw meats."
    },
    "name": "Raw Diet",
    "description": "Raw meats are very appatizing to you."
}