{
    "name": "True Zombie",
    "hidden": true,
    "type": "origins:action_over_time",
    "interval": 20,
    "entity_action": {
        "type": "origins:and",
        "actions": [{
            "type": "origins:execute_command",
            "command": "team add Zombie",
            "permission_level": 4
        }, {
            "type": "origins:execute_command",
            "command": "team join Zombie @p",
            "permission_level": 4
        }, {
            "type": "origins:execute_command",
            "command": "team join Zombie @e[type=#zorras:zombies]",
            "permission_level": 4
        }]
    }
}