{
    "type": "origins:self_action_on_kill",
    "entity_action": {
        "type": "origins:execute_command",
        "command": "summon minecraft:zombie_villager ~ ~ ~",
        "permission_level": 4
    },
    "target_condition": {
        "type": "origins:entity_type",
        "entity_type": "minecraft:villager"
    },
    "condition": {
        "type": "origins:equipped_item",
        "equipment_slot": "mainhand",
        "item_condition": {
            "type": "origins:ingredient",
            "ingredient": {
                "item": "minecraft:air"
            }
        }
    },
    "hud_render": {
        "should_render": false
    },
    "cooldown": 1,
    "name": "Infect",
    "description": "When you kill a villager it turns into a zombified villager."
}