{
    "type": "origins:active_self",
    "name": "Magic of Creation",
    "description": "Summon a circle of fangs that pop-up from the ground and damage anything in its path",
    "entity_action": {
        "type": "origins:and",
        "actions": [{
                "type": "origins:execute_command",
                "command": "summon minecraft:evoker_fangs ~1.2 ~ ~0.5",
                "permission_level": 4
            },
            {
                "type": "origins:execute_command",
                "command": "summon minecraft:evoker_fangs ~-1.2 ~ ~0.5",
                "permission_level": 4
            },
            {
                "type": "origins:execute_command",
                "command": "summon minecraft:evoker_fangs ~0.0 ~ ~1.5",
                "permission_level": 4
            },
            {
                "type": "origins:execute_command",
                "command": "summon minecraft:evoker_fangs ~0.8 ~ ~-1",
                "permission_level": 4
            },
            {
                "type": "origins:execute_command",
                "command": "summon minecraft:evoker_fangs ~-0.8 ~ ~-1",
                "permission_level": 4
            }
        ]
    },
    "key": {
        "key": "key.origins.primary_active"
    },
    "hud_render": {
        "should_render": true,
        "bar_index": 0,
        "sprite_location": "origins:textures/gui/community/spiderkolo/resource_bar_01.png"
    },
    "cooldown": 400
}