{
    "type": "origins:prevent_death",
    "name": "Undying Being",
    "description": "You have learnt the magic to prevent death! You can only do it once per natural life.",
    "entity_action": {
        "type": "origins:and",
        "actions": [{
                "type": "origins:clear_effect"
            },
            {
                "type": "origins:apply_effect",
                "effects": [{
                        "effect": "minecraft:regeneration",
                        "amplifier": 1,
                        "duration": 900
                    },
                    {
                        "effect": "minecraft:fire_resistance",
                        "duration": 800
                    },
                    {
                        "effect": "minecraft:absorption",
                        "amplifier": 2,
                        "duration": 200
                    }
                ]
            },
            {
                "type": "origins:change_resource",
                "resource": "zorras:illager/evoker/resource",
                "change": 1
            },
            {
                "type": "origins:play_sound",
                "sound": "minecraft:item.totem.use"
            }
        ]
    },
    "condition": {
        "type": "origins:resource",
        "resource": "zorras:illager/evoker/resource",
        "comparison": "==",
        "compare_to": 0
    }
}