{
    "type": "origins:action_on_callback",
    "hidden": true,
    "entity_action_chosen": {
        "type": "origins:change_resource",
        "resource": "zorras:illager/evoker/resource",
        "change": -1
    },
    "entity_action_respawned": {
        "type": "origins:change_resource",
        "resource": "zorras:illager/evoker/resource",
        "change": -1
    },
    "condition": {
        "type": "origins:resource",
        "resource": "zorras:illager/evoker/resource",
        "comparison": "==",
        "compare_to": 1
    }
}