{
    "type": "origins:action_over_time",
    "interval": 1,
    "entity_action": {
        "type": "origins:apply_effect",
        "effects": [{
                "effect": "minecraft:blindness",
                "amplifier": 1,
                "duration": 30,
                "show_icon": false,
                "show_particles": false
            },
            {
                "effect": "minecraft:weakness",
                "amplifier": 1,
                "duration": 30,
                "show_icon": false,
                "show_particles": false
            }
        ]
    },
    "condition": {
        "type": "origins:and",
        "conditions": [{
                "type": "origins:exposed_to_sun"
            },
            {
                "type": "origins:power_active",
                "power": "zorras:silver/toggle",
                "inverted": true
            }
        ]
    },
    "name": "Sensetive Eyes",
    "description": "Your eyes didn't develop for bright lights, When you are in the sun you get weaker"
}