{
    "type": "origins:action_over_time",
    "interval": 1,
    "entity_action": {
        "type": "origins:if_else",
        "condition": {
            "type": "origins:exposed_to_sky",
            "inverted": true
        },
        "if_action": {
            "type": "origins:apply_effect",
            "effects": [{
                    "effect": "minecraft:haste",
                    "amplifier": 1,
                    "duration": 30,
                    "show_particles": false,
                    "show_icon": false
                },
                {
                    "effect": "minecraft:speed",
                    "amplifier": 1,
                    "duration": 30,
                    "show_particles": false,
                    "show_icon": false
                },
                {
                    "effect": "minecraft:jump_boost",
                    "amplifier": 1,
                    "duration": 30,
                    "show_particles": false,
                    "show_icon": false
                }
            ]
        },
        "else_action": {
            "type": "origins:apply_effect",
            "effect": {
                "effect": "minecraft:slowness",
                "amplifier": 1,
                "duration": 30,
                "show_particles": false,
                "show_icon": false
            }
        }
    },
    "name": "Cave Dweller",
    "description": "You live in the ground, being exposed to the sky is bad for you."
}