{
    "type": "origins:active_self",
    "entity_action": {
        "type": "origins:and",
        "actions": [{
                "type": "origins:spawn_entity",
                "entity_type": "minecraft:silverfish"
            },
            {
                "type": "origins:spawn_entity",
                "entity_type": "minecraft:silverfish"
            }
        ]
    },
    "hud_render": {
        "should_render": true,
        "sprite_location": "origins:textures/gui/community/spiderkolo/resource_bar_03.png",
        "bar_index": 19
    },
    "key": {
        "key": "key.origins.secondary_active"
    },
    "cooldown": 300,
    "name": "Stone Friends",
    "description": "Call upon the rocky bugs that roam the underground."
}