{
    "type": "origins:phasing",
    "blacklist": false,
    "render_type": "blindness",
    "view_distance": 4,
    "block_condition": {
        "type": "origins:in_tag",
        "tag": "zorras:silver"
    },
    "phase_down_condition": {
        "type": "origins:and",
        "conditions": [{
                "type": "origins:sneaking"
            },
            {
                "type": "origins:on_block"
            }
        ]
    },
    "condition": {
        "type": "origins:power_active",
        "power": "zorras:silver/toggle"
    },
    "hidden": true
}