{
    "name": "Silver Allies",
    "description": "You control the silverfish of this world.",
    "type": "origins:action_over_time",
    "interval": 20,
    "entity_action": {
        "type": "origins:and",
        "actions": [{
            "type": "origins:execute_command",
            "command": "team add Silver",
            "permission_level": 4
        }, {
            "type": "origins:execute_command",
            "command": "team join Silver @p",
            "permission_level": 4
        }, {
            "type": "origins:execute_command",
            "command": "team join Silver @e[type=#zorras:silver]",
            "permission_level": 4
        }]
    }
}