{
    "type": "origins:modify_swim_speed",
    "modifier": {
        "operation": "multiply_base",
        "value": 0.6
    },
    "condition": {
        "type": "origins:or",
        "conditions": [{
                "type": "origins:fluid_height",
                "fluid": "minecraft:water",
                "comparison": ">",
                "compare_to": "0"
            },
            {
                "type": "origins:in_rain"
            }
        ]
    },
    "hidden": true
}