{
    "type": "origins:prevent_item_use",
    "item_condition": {
        "type": "origins:ingredient",
        "ingredient": [{
                "item": "minecraft:shield"
            },
            {
                "item": "minecraft:bow"
            },
            {
                "item": "minecraft:crossbow"
            },
            {
                "item": "minecraft:trident"
            },
            {
                "item": "minecraft:fishing_rod"
            }
        ]
    },
    "hidden": true
}