{
    "type": "origins:attribute",
    "modifier": {
        "attribute": "minecraft:generic.movement_speed",
        "operation": "multiply_base",
        "value": -0.3
    },
    "condition": {
        "type": "origins:and",
        "conditions": [{
                "type": "origins:fluid_height",
                "fluid": "minecraft:water",
                "comparison": ">",
                "compare_to": "0",
                "inverted": true
            },
            {
                "type": "origins:in_rain",
                "inverted": true
            }
        ]
    },
    "hidden": true
}