{
    "type": "origins:conditioned_attribute",
    "modifier": {
        "attribute": "minecraft:generic.movement_speed",
        "operation": "multiply_total",
        "value": -0.5
    },
    "condition": {
        "type": "origins:or",
        "conditions": [{
                "type": "origins:fluid_height",
                "fluid": "minecraft:water",
                "comparison": ">",
                "compare_to": "0",
                "inverted": true
            },
            {
                "type": "origins:in_rain",
                "inverted": true
            }
        ]
    },
    "name": "Flippers",
    "description": "Your limbs are more suited for water than on land making you slower out of water and much faster in it."
}