{
  "type": "origins:modify_damage_taken",
  "modifier": {
    "name": "More kinetic damage taken",
    "value": 1.2,
    "operation": "multiply_base"
  },
  "damage_condition": {
    "type": "origins:or",
    "conditions": [
      {
        "type": "origins:name",
        "name": "fall"
      },
      {
        "type": "origins:name",
        "name": "flyIntoWall"
      }
    ]
  },
  "name": "Cracked",
  "description": "Your stony body is more vulnerable to breaking from falling."
}