{
  "type": "origins:multiple",
  "modify_size": {
	"type": "extraorigins:modify_size",
	"scale": 1.10
  },
  "attribute_modifiers": {
	"type": "origins:attribute",
	"modifiers": [
	  {
		"name": "Origin modifier",
		"attribute": "generic.max_health",
		"value": 6,
		"operation": "addition"
	  },
	  {
		"name": "Origin modifier",
		"attribute": "generic.attack_speed",
		"value": 0.2,
		"operation": "addition"
	  },
	  {
		"name": "Origin modifier",
		"attribute": "reach-entity-attributes:attack_range",
		"value": 0.10,
		"operation": "addition"
	  },
	  {
		"name": "Origin modifier",
		"attribute": "reach-entity-attributes:reach",
		"value": 0.10,
		"operation": "addition"
	  }
	]
  },
  "jump_modifier": {
	"type": "origins:modify_jump",
	"modifier": {
	  "name": "Origin modifier",
	  "value": 0.05,
	  "operation": "multiply_total"
	}
  },
  "name":"Larger Than Life",
"description":"You are slightly large and bulkier than a regular person, however, this comes at the cost of your movement and attack speed"
}