{
  "type":"origins:active_self",
  "cooldown": 1,
  "hud_render": {
    "should_render":false
  },
  "condition": {
    "type": "origins:and",
    "conditions": [
      {
        "type": "origins:equipped_item",
        "equipment_slot": "mainhand",
        "item_condition": {
          "type": "origins:ingredient",
          "ingredient": {
            "item": "minecraft:cobblestone"
          }
        }
      },
      {
        "type": "origins:food_level",
        "comparison": "<",
        "compare_to": 20
      }
    ]
  },
  "entity_action": {
    "type":"origins:and",
    "actions": [
    {
      "type": "origins:execute_command",
      "command": "clear @s cobblestone 1"
    },
    {
      "type":"origins:feed",
      "food": 2.5,
      "saturation": 12.8
    }
  ]
  },
  "name": "Nourishment",
  "description": "You can only eat cobblestone. Use your primary key to consume it"
}