{
    "type": "origins:damage_over_time",
    "interval": 10,
    "onset_delay": 30,
    "damage": 2,
    "damage_easy": 1,
    "damage_source": {
        "name": "hurt_by_sun",
        "unblockable": true,
        "bypasses_armor": true,
        "fire": true
    },
    "condition": {
        "type": "origins:and",
        "conditions": [
            {
                "type": "origins:exposed_to_sky"
            },
            {
                "type": "origins:daytime"
            },
            {
                "type": "origins:command",
                "command": "execute if entity @s[x_rotation=-90..-25]",
                "comparison": "==",
                "compare_to": 1
            }
        ]
    },
    "name": "Sensitive Eyes",
    "description": "Looking at the sun is painful after being underground so long."
}