{
	"name": "Blinding Sun",
	"description": "Places with strong sunlight nearby (13+) slows you down and exhausts you.",
	
	"type": "origins:multiple",
	
	"weakness_and_slowness": {
		"type": "origins:stacking_status_effect",
		"min_stacks": 1,
		"max_stacks": 3,
		"duration_per_stack": 15,
		"effects": [
			{
				"effect": "minecraft:slowness",
				"is_ambient": true,
				"show_particles": false,
				"show_icon": false
			},
			{
				"effect": "minecraft:hunger",
				"is_ambient": true,
				"show_particles": false,
				"show_icon": false
			}
		],
		"condition": {
			"type": "origins:and",
			"conditions": [
				{
					"type": "origins:block_in_radius",
					"block_condition": {
						"type": "origins:light_level",
						"light_type": "sky",
						"comparison": ">=",
						"compare_to": 13
					},
					"radius": 2,
					"shape": "cube",
					"comparison": ">=",
					"compare_to": 1
				},
				{
					"type": "origins:daytime"
				}
			]
		}
	}
}