{
	"name": "Illager Ally",
	"description": "Illagers consider you as allies, and villagers consider you as foe. Iron golems attack you on sight, and villagers raise their prices to absurd levels.",
	
	"type": "origins:multiple",
	
	"illager": {
		"type": "origins:entity_group",
		"group": "illager"
	},
	
	"villagers_raise_prices": {
		"type": "origins:action_over_time",
		"interval": 10,
		"entity_action": {
			"type": "origins:and",
			"actions": [
				{
					"type": "origins:execute_command",
					"command": "execute at @s as @e[type=villager,distance=..7] run data merge entity @s {Gossips:[{Target:[I;1,1,1,1],Type:'major_negative',Value:110}]}",
					"permission_level": 2
				},
				{
					"type": "origins:execute_command",
					"command": "execute at @s as @e[type=villager,distance=..7] run data modify entity @s Gossips[{Target:[I;1,1,1,1]}].Target set from entity @p[tag=Puppeteer] UUID",
					"permission_level": 2
				}
			]
		}
	},
	
	"iron_golem_auto_attack": {
		"type": "origins:action_over_time",
		"interval": 10,
		"entity_action": {
			"type": "origins:and",
			"actions": [
				{
					"type": "origins:execute_command",
					"command": "execute at @s as @e[type=minecraft:iron_golem,distance=..10] run data modify entity @s AngryAt set from entity @p[tag=Puppeteer] UUID",
					"permission_level": 2
				},
				{
					"type": "origins:execute_command",
					"command": "execute at @s as @e[type=minecraft:iron_golem,distance=..10] run data modify entity @s AngerTime set value 60",
					"permission_level": 2
				}
			]
		}
	},
	
	"iron_golem_remove_aggro": {
		"type": "origins:action_over_time",
		"interval": 10,
		"entity_action": {
			"type": "origins:and",
			"actions": [
				{
					"type": "origins:execute_command",
					"command": "execute at @s as @e[type=minecraft:iron_golem,distance=10..20] run data modify entity @s AngryAt set from entity @s UUID",
					"permission_level": 2
				},
				{
					"type": "origins:execute_command",
					"command": "execute at @s as @e[type=minecraft:iron_golem,distance=10..20] run data modify entity @s AngerTime set value 0",
					"permission_level": 2
				}
			]
		}
	}
}