{
    "type": "origins:active_self",
    "entity_action": {
        "type": "origins:if_else",
        "condition": {
            "type": "origins:status_effect",
            "effect": "minecraft:levitation",
            "min_amplifier": -5,
            "max_amplifier": -5,
            "inverted": true
        },

        "else_action": {
            "type": "origins:clear_effect",
            "effect": "minecraft:levitation"
        },
        "if_action": {
            "type": "origins:apply_effect",
            "effect": {
                "effect": "minecraft:levitation",
                "duration": 1,
                "amplifier": 9,
                "show_particles": false,
                "show_icon": false
            }
        }
    },
    "cooldown": 0,
    "hud_render": {
        "should_render": false
    },
    "key": {
        "key": "key.jump",
        "continuous": true
    },
    "name": "Pixy Wings",
    "description": "You can fly in the air gracefully."
}