{
    "type": "origins:action_over_time",
    "entity_action": {
        "type": "origins:apply_effect",
        "effect": {
            "effect": "minecraft:glowing",
            "duration": 80,
            "amplifier": 10,
            "show_particles": false,
            "show_icon": false
        }
    },
    "condition": {
        "type": "origins:submerged_in",
        "fluid": "minecraft:water",
        "inverted": true
    },
    "interval": 1,
    "name": "Magical",
    "description": "You emit magic from your body making you glow bright."
}