{
    "type": "origins:attribute",
    "modifiers": [{
            "name": "Reach",
            "attribute": "reach-entity-attributes:reach",
            "value": 10,
            "operation": "addition"
        },
        {
            "name": "Attack Reach",
            "attribute": "reach-entity-attributes:attack_range",
            "value": 10,
            "operation": "addition"
        }
    ],
    "name": "Tiny Hands",
    "description": "Your hands are smaller so they deal less damage but they can mine faster."
}