{
    "type": "origins:action_over_time",
    "interval": 1,
    "entity_action": {
        "type": "origins:and",
        "actions": [{
                "type": "origins:apply_effect",
                "effect": {
                    "effect": "minecraft:slowness",
                    "amplifier": 4,
                    "duration": 30,
                    "show_icon": false,
                    "show_particles": false
                }
            },
            {
                "type": "origins:apply_effect",
                "effect": {
                    "effect": "minecraft:mining_fatigue",
                    "amplifier": 4,
                    "duration": 30,
                    "show_icon": false,
                    "show_particles": false
                }
            },
            {
                "type": "origins:apply_effect",
                "effect": {
                    "effect": "minecraft:weakness",
                    "amplifier": 4,
                    "duration": 30,
                    "show_icon": false,
                    "show_particles": false
                }
            }
        ]
    },
    "condition": {
        "type": "origins:or",
        "conditions": [{
                "type": "origins:fluid_height",
                "fluid": "minecraft:water",
                "comparison": ">",
                "compare_to": 0.0
            },
            {
                "type": "origins:in_rain"
            }
        ]
    },
    "name": "Dripping",
    "description": "You can't be wet without major debuffs"
}