{
    "type": "origins:active_self",
    "entity_action": {
        "type": "origins:and",
        "actions": [{
                "type": "origins:heal",
                "amount": 2
            },
            {
                "type": "origins:add_xp",
                "levels": -1
            }
        ]
    },
    "condition": {
        "type": "origins:xp_levels",
        "comparison": ">=",
        "compare_to": 1
    },
    "hud_render": {
        "should_render": false
    },
    "key": {
        "key": "key.origins.primary_active"
    },
    "cooldown": 1,
    "name": "Experience",
    "description": "You can regenerate by using exp, and you gain more exp."
}