{
	"powers": [ 
		"stonekin:apply_haste",
		"stonekin:extra_ores",
		"stonekin:hastenize",
		"stonekin:hastenize_display",
		"stonekin:dwarven_appettite",
		"stonekin:betternightvision",
		"origins:strong_arms",
		"origins:strong_arms_break_speed",
		"stonekin:sun_hurts",
		"origins:natural_armor",
		"stonekin:pickdamage",
		"stonekin:largerthanlife",
		"origins:no_shield",
		"stonekin:stone_eater",
		"stonekin:stonyskin",
		"stonekin:arrows_immune",
		"stonekin:hurtsound",
		"stonekin:cracked",
		"origins:more_exhaustion",
		"stonekin:nofood",
		"stonekin:slower"
	],
	"icon": "minecraft:cobblestone",
	"order": 5,
	"impact": 3,
	"name": "Stonekin",
	"description": "The sworn protectors of dwarves, you live your life in deep caves.",
	"unchooseable":"true"
}