{
  "type": "origins:active_self",
  "hidden": true,
  "cooldown": 40,
  "key": {
    "key": "key.use",
    "continuous": false
  },
  "entity_action": {
    "type": "origins:and",
    "actions": [
      {
        "type": "origins:execute_command",
        "permission_level": 4,
        "command": "clear @s netherite_scrap 1"
      },
      {
        "type": "origins:feed",
        "food": 4,
        "saturation": 1.3
      },
      {
        "type": "origins:execute_command",
        "permission_level": 4,
        "command": "effect give @s regeneration 10 0"
      },
      {
        "type": "origins:execute_command",
        "permission_level": 4,
        "command": "effect give @s fire_resistance 100 0"
      },
      {
        "type": "origins:play_sound",
        "sound": "minecraft:entity.iron_golem.repair"
      }
    ]
  },
  "condition": {
    "type": "origins:or",
    "conditions": [
      {
        "type": "origins:equipped_item",
        "inverted": false,
        "equipment_slot": "mainhand",
        "item_condition": {
          "type": "origins:ingredient",
          "inverted": false,
          "ingredient": {
            "item": "minecraft:netherite_scrap"
          }
        }
      },
      {
        "type": "origins:equipped_item",
        "inverted": false,
        "equipment_slot": "offhand",
        "item_condition": {
          "type": "origins:ingredient",
          "inverted": false,
          "ingredient": {
            "item": "minecraft:netherite_scrap"
          }
        }
      }
    ]
  },
  "hud_render": {
    "should_render": false,
    "sprite_location": "origins:textures/gui/resource_bar.png",
    "bar_index": 10
  }
}