{
	"type": "origins:active_self",
	"entity_action": {
		"type": "origins:if_else",
		"condition": {
			"type": "origins:status_effect",
			"effect": "minecraft:levitation"
		},
		"if_action": {
			"type": "origins:clear_effect",
			"effect": "minecraft:levitation"
		},
		"else_action": {
			"type": "origins:apply_effect",
			"effect": {
				"effect": "minecraft:levitation",
				"is_ambient": true,
				"show_particles": false,
				"show_icon": false,
				"duration": 6000
			}
		}
	},
	"cooldown": 0,
	"hud_render": {
		"should_render": false
	},
	"name": "Bumble",
	"description": "Reach new heights, but gently."
}