{
    "type": "origins:modify_projectile_damage",
    "damage_condition": {
        "type": "origins:or",
        "conditions": [{
                "type": "origins:projectile",
                "projectile": "minecraft:arrow"
            },
            {
                "type": "origins:projectile",
                "projectile": "minecraft:spectral_arrow"
            }
        ]
    },
    "modifier": {
        "operation": "multiply_total",
        "value": 2.0
    },
    "name": "Archery Master",
    "description": "You have masterd archery so your projectiles do double the damage."
}