{
    "powers": [
        "zorras:illager/evoker/hp",
        "zorras:illager/omen3",
        "zorras:illager/team",
        "zorras:illager/kill",
        "zorras:illager/swap",
        "zorras:illager/remove",
        "zorras:illager/evoker/fangs",
        "zorras:illager/evoker/reset",
        "zorras:illager/evoker/life",
        "zorras:illager/evoker/resource",
        "zorras:infected/golem"
    ],
    "unchoosable": true,
    "icon": "minecraft:totem_of_undying",
    "order": 35,
    "impact": 3,
    "name": "Evoker",
    "description": "After learning the magic of revival you can use it at will along with many other magical abilities."
}