{
    "powers": [
        "zorras:fungi/sunlight",
        "zorras:fungi/dark",
        "zorras:fungi/food",
        "zorras:fungi/hp",
        "zorras:fungi/grow",
        "zorras:fungi/immune",
        "zorras:fungi/toxin",
        "zorras:fungi/slow",
        "zorras:fungi/roots"
    ],
    "icon": "minecraft:nether_wart",
    "order": 8,
    "impact": 2,
    "name": "Myconoid",
    "description": "Fungus creatures that leark in the dark. It is said these people are primal and naturalistic beings, caring for the world and are peaceful unless provoked"
}