{
    "powers": [
        "zorras:golem/size",
        "zorras:golem/hp",
        "zorras:golem/move",
        "zorras:golem/strong",
        "zorras:golem/pick",
        "zorras:golem/no_armor",
        "zorras:golem/no_fight",
        "zorras:golem/no_fight2",
        "zorras:golem/break",
        "zorras:golem/defend",
        "zorras:golem/sink",
        "zorras:golem/village",
        "zorras:golem/no_food",
        "zorras:golem/natural_armor",
        "zorras:golem/rust",
        "zorras:golem/check",
        "zorras:golem/no_drown",
        "zorras:golem/no_starve",
        "zorras:golem/no_lungs",
        "zorras:golem/low_jump",
        "zorras:golem/launch",
        "zorras:golem/hunger",
        "zorras:golem/effect_immunity",
        "zorras:golem/resource",
        "zorras:golem/iron_food/consume",
        "zorras:golem/iron_food/decay",
        "zorras:golem/iron_food/haseatenbool",
        "zorras:golem/iron_food/prime2",
        "zorras:golem/iron_food/prime",
        "zorras:golem/iron_food/resource",
        "zorras:golem/iron_food/slow",
        "zorras:golem/iron_body",
        "zorras:golem/against"
    ],
    "icon": "minecraft:carved_pumpkin",
    "order": 10,
    "impact": 3,
    "name": "Golemborn",
    "description": "As a protector of villagers you start in a village and are friends with villagers."
}