{
    "powers": [
        "zorras:illager/hp",
        "zorras:illager/omen",
        "zorras:illager/team",
        "zorras:illager/kill",
        "zorras:illager/swap",
        "zorras:illager/remove",
        "zorras:illager/upgrade_p",
        "zorras:illager/upgrade_v",
        "zorras:illager/upgrade_w",
        "zorras:infected/golem"
    ],
    "icon": "minecraft:emerald",
    "order": 30,
    "impact": 3,
    "name": "Illager",
    "description": "Start as a basic illager and level-up into one of three different paths!."
}