{
    "powers": [
        "zorras:illager/omen3",
        "zorras:illager/team",
        "zorras:illager/kill",
        "zorras:illager/swap",
        "zorras:illager/remove",
        "zorras:illager/witch/brew",
        "zorras:illager/illusioner/invis",
        "zorras:illager/illusioner/resource",
        "zorras:illager/illusioner/active",
        "zorras:illager/illusioner/provoke",
        "zorras:illager/illusioner/hp",
        "zorras:infected/golem"
    ],
    "unchoosable": true,
    "icon": "minecraft:glass_bottle",
    "order": 36,
    "impact": 3,
    "name": "Illusionist",
    "description": "First an Illager, then a Witch, Now you have finally made it here. An Illusionist the master of potions."
}