{
    "powers": [
        "zorras:infected/undead",
        "zorras:infected/burn_in_daylight",
        "origins:more_exhaustion",
        "origins:carnivore",
        "zorras:infected/raw_diet",
        "zorras:infected/rotten_gut",
        "zorras:infected/bite",
        "zorras:infected/true_zombie",
        "zorras:infected/no_regen",
        "zorras:infected/zombify",
        "zorras:infected/golem",
        "zorras:infected/no_sleep"
    ],
    "icon": "minecraft:rotten_flesh",
    "order": 10,
    "impact": 2,
    "name": "Infected",
    "description": "You have been Infected! Being part undead gives you unique abilitys and strange quirks."
}