{
    "powers": [
        "zorras:panda/move",
        "zorras:panda/hp",
        "zorras:panda/jump",
        "zorras:panda/sneeze",
        "zorras:panda/jungle",
        "zorras:panda/claw",
        "zorras:panda/hit",
        "zorras:panda/random",
        "zorras:panda/genes",
        "zorras:panda/color",
        "zorras:panda/bamboo/consume",
        "zorras:panda/bamboo/decay",
        "zorras:panda/bamboo/haseatenbool",
        "zorras:panda/bamboo/prime",
        "zorras:panda/bamboo/prime2",
        "zorras:panda/bamboo/resource",
        "zorras:panda/bamboo/slow"
    ],
    "icon": "minecraft:bamboo",
    "order": 9,
    "impact": 1,
    "name": "Panda",
    "description": "A Bear of the Jungle, You are a fluffy, adorable, lazy panda that eats bamboo and sleeps."
}