{
    "powers": [
        "zorras:illager/hp",
        "zorras:illager/omen2",
        "zorras:illager/team",
        "zorras:illager/kill",
        "zorras:illager/swap",
        "zorras:illager/remove",
        "zorras:illager/pillager/range",
        "zorras:illager/pillager/quiver",
        "zorras:infected/golem"
    ],
    "unchoosable": true,
    "upgrades": [{
        "origin": "zorras:evoker",
        "condition": "minecraft:adventure/totem_of_undying",
        "announcment": "You've learnt the ways of the mystical magic of rivival! The skills have been acquired to upgraded to Evoker."
    }],
    "icon": "minecraft:crossbow",
    "order": 31,
    "impact": 3,
    "name": "Pillager",
    "description": "An upgrade from the Illager you are skilled at weilding the crossbow."
}