{
    "powers": [
        "zorras:pixy/size",
        "zorras:pixy/move",
        "zorras:pixy/fly",
        "zorras:pixy/particles",
        "zorras:pixy/glow",
        "zorras:pixy/water",
        "zorras:pixy/wall",
        "zorras:pixy/drown",
        "zorras:pixy/cram",
        "zorras:pixy/hp",
        "zorras:pixy/jump",
        "zorras:pixy/armor",
        "zorras:pixy/hunger",
        "zorras:pixy/damage",
        "zorras:pixy/dealt",
        "zorras:pixy/break",
        "zorras:pixy/reach",
        "zorras:pixy/xp_regen",
        "zorras:pixy/xp_gain",
        "zorras:pixy/phase",
        "origins:fall_immunity"
    ],
    "icon": "minecraft:glowstone_dust",
    "order": 15,
    "impact": 2,
    "name": "Pixy",
    "description": "A small mythical creature. Rarely seen by others, the Pixies are a race of mischievous creatures."
}