{
    "powers": [
        "zorras:golem/size",
        "zorras:illager/omen3",
        "zorras:illager/team",
        "zorras:illager/kill",
        "zorras:illager/swap",
        "zorras:illager/remove",
        "zorras:illager/vindicator/axe",
        "zorras:illager/vindicator/shield",
        "zorras:illager/ravager/charge",
        "zorras:illager/ravager/push",
        "zorras:illager/ravager/immune",
        "zorras:illager/ravager/no_fly",
        "zorras:illager/ravager/no_fly2",
        "zorras:illager/ravager/hp",
        "zorras:infected/golem"
    ],
    "unchoosable": true,
    "icon": "minecraft:saddle",
    "order": 34,
    "impact": 3,
    "name": "Ravager",
    "description": "A powerful beast once a Vindicator now the Ravager, Ridable and dangerous the Ravager is powerful in many ways."
}