{
    "powers": [
        "zorras:silver/hp",
        "zorras:silver/wall",
        "zorras:silver/size",
        "zorras:silver/reach",
        "zorras:silver/phase",
        "zorras:silver/toggle",
        "zorras:silver/water",
        "zorras:silver/blind",
        "zorras:silver/group",
        "zorras:silver/team",
        "zorras:silver/cave",
        "zorras:silver/stone_food",
        "zorras:silver/antivore",
        "zorras:silver/fish"
    ],
    "icon": "minecraft:clay_ball",
    "order": 16,
    "impact": 2,
    "name": "Silverite",
    "description": "Silverite are small bug like creature made of stone, rumored to have the ablility to fuse with stone and call upon their  descendants, the Silverfish, to fight for them."
}