{
    "powers": [
        "zorras:snake/hp",
        "zorras:snake/venom",
        "zorras:snake/speed",
        "zorras:snake/attack",
        "zorras:snake/damage",
        "zorras:snake/swim",
        "zorras:snake/scales",
        "zorras:snake/move",
        "zorras:snake/kill",
        "zorras:snake/food",
        "zorras:snake/cake",
        "zorras:snake/shed",
        "zorras:snake/immune",
        "zorras:snake/vision",
        "zorras:snake/target",
        "zorras:snake/resource",
        "zorras:snake/toggle",
        "zorras:snake/armor",
        "zorras:snake/fall"
    ],
    "icon": "minecraft:kelp",
    "order": 18,
    "impact": 2,
    "name": "Naga",
    "description": "An unnatural creation, made from a snake and a human. A top predator lerking in the wild, waiting for your next victim."
}