{
    "powers": [
        "zorras:turtle/hp",
        "zorras:turtle/shell",
        "zorras:turtle/no_hands",
        "zorras:turtle/natural_armor",
        "zorras:turtle/waterlog",
        "zorras:turtle/scute",
        "zorras:turtle/beach",
        "zorras:turtle/slow",
        "zorras:turtle/fastwater",
        "zorras:turtle/kelp/consume",
        "zorras:turtle/kelp/decay",
        "zorras:turtle/kelp/haseatenbool",
        "zorras:turtle/kelp/prime",
        "zorras:turtle/kelp/prime2",
        "zorras:turtle/kelp/resource",
        "zorras:turtle/kelp/slow"
    ],
    "icon": "minecraft:scute",
    "order": 10,
    "impact": 1,
    "name": "Carapcion",
    "description": "Being born with a shell on your back you have the ability to hide in it for protection."
}