{
    "powers": [
        "zorras:illager/hp",
        "zorras:illager/omen2",
        "zorras:illager/team",
        "zorras:illager/kill",
        "zorras:illager/swap",
        "zorras:illager/remove",
        "zorras:illager/vindicator/axe",
        "zorras:illager/vindicator/shield",
        "zorras:infected/golem"
    ],
    "unchoosable": true,
    "upgrades": [{
        "origin": "zorras:ravager",
        "condition": "minecraft:story/shiny_gear",
        "announcment": "Becoming a beast of combat! The skills have been acquired to upgraded to Ravanger."
    }],
    "icon": "minecraft:iron_axe",
    "order": 32,
    "impact": 3,
    "name": "Vindicator",
    "description": "An upgrade from the Illager you are skilled at weilding the axe."
}