{
    "powers": [
        "zorras:illager/hp",
        "zorras:illager/omen2",
        "zorras:illager/team",
        "zorras:illager/kill",
        "zorras:illager/swap",
        "zorras:illager/remove",
        "zorras:illager/witch/brew",
        "zorras:illager/witch/luck",
        "zorras:infected/golem"
    ],
    "unchoosable": true,
    "upgrades": [{
        "origin": "zorras:illusioner",
        "condition": "minecraft:nether/all_potions",
        "announcment": "Making more combat focused potions and magic. You have learnt the skills required to upgraded to the Illusionist."
    }],
    "icon": "minecraft:dragon_breath",
    "order": 33,
    "impact": 3,
    "name": "Witch",
    "description": "An upgrade from the Illager you are skilled at crafting and brewing potions"
}