{
    "powers": [
        "zorras:wither/reach",
        "zorras:wither/spawn",
        "zorras:wither/particle",
        "zorras:wither/exhaust",
        "zorras:wither/soulspeed",
        "zorras:wither/touch",
        "zorras:wither/hit",
        "zorras:wither/immune",
        "zorras:wither/curse",
        "zorras:wither/heal",
        "zorras:wither/water",
        "zorras:wither/soulfire",
        "zorras:wither/no_sleep",
        "zorras:wither/skull/kill",
        "zorras:wither/skull/skull",
        "zorras:wither/skull/check",
        "zorras:wither/skull/resource2",
        "zorras:wither/skull/resource",
        "zorras:wither/true_skeleton",
        "zorras:infected/no_regen",
        "zorras:infected/undead",
        "zorras:infected/golem",
        "origins:fire_immunity",
        "origins:damage_from_snowballs"
    ],
    "icon": "minecraft:charcoal",
    "order": 20,
    "impact": 3,
    "name": "Whisper",
    "description": "A deadly creature that lives in the valley of souls. The harshness of its eviroment made it cruel to the living, and now you have its curse. Starting to wilt you can hear the voices!."
}