{
    "type": "origins:conditioned_attribute",
    "modifier":
    {
        "attribute": "minecraft:generic.attack_damage",
        "value": 3,
        "operation": "addition"
    },
    "condition":
    {
        "type": "origins:and",
        "conditions":
        [
            {
                "type": "origins:equipped_item",
                "equipment_slot": "mainhand",
                "item_condition":
                {
                    "type": "origins:ingredient",
                    "ingredient":
                    {
                        "item": "minecraft:bamboo"
                    }
                }
            }
        ]
    },
    "name": "Bamboo Warrior",
    "description": "You have trained in the art of bamboo combat. Bamboo now does the same damage as a wooden sword."
}
