
{
    "type": "origins:multiple",
    "fall":
    {
        "type": "origins:invulnerability",
        "damage_condition":
        {
            "type": "origins:name",
            "inverted": false,
            "name": "fall"
        },
        "condition":
        {
            "type": "origins:resource",
            "inverted": false,
            "comparison": ">",
            "compare_to": 0,
            "resource": "*:*_timer"
        }
    },
    "timer":
    {
        "type": "origins:cooldown",
        "cooldown": 32,
        "hud_render":
        {
            "should_render": false
        }
    },
    "trigger":
    {
        "type": "origins:active_self",
        "entity_action":
        {
            "type": "origins:trigger_cooldown",
            "power": "*:*_timer"
        },
        "cooldown": 32,
        "hud_render":
        {
            "should_render": false
        }
    },
    "hidden": true
}
