
{
    "type": "origins:multiple",
    "hidden": true,
    "bamboo":
    {
        "type": "origins:prevent_block_use",
        "condition":
        {
            "type": "origins:and",
            "inverted": false,
            "conditions": [
                {
                    "type": "origins:or",
                    "inverted": false,
                    "conditions": [
                        {
                            "type": "origins:equipped_item",
                            "inverted": false,
                            "equipment_slot": "mainhand",
                            "item_condition":
                            {
                                "type": "origins:ingredient",
                                "inverted": false,
                                "ingredient":
                                {
                                    "item": "minecraft:bamboo"
                                }
                            }
                        },
                        {
                            "type": "origins:equipped_item",
                            "inverted": false,
                            "equipment_slot": "mainhand",
                            "item_condition":
                            {
                                "type": "origins:ingredient",
                                "inverted": false,
                                "ingredient":
                                {
                                    "item": "minecraft:bamboo"
                                }
                            }
                        }
                    ]
                },
                {
                    "type": "origins:sneaking",
                    "inverted": true
                }
            ]
        },
        "block_condition":
        {
            "type": "origins:in_tag",
            "inverted": true,
            "tag": "panda_tags:interactable"
        }
    },
    "cake":
    {
        "type": "origins:prevent_block_use",
        "condition":
        {
            "type": "origins:and",
            "inverted": false,
            "conditions": [
                {
                    "type": "origins:or",
                    "inverted": false,
                    "conditions": [
                        {
                            "type": "origins:equipped_item",
                            "inverted": false,
                            "equipment_slot": "mainhand",
                            "item_condition":
                            {
                                "type": "origins:ingredient",
                                "inverted": false,
                                "ingredient":
                                {
                                    "item": "minecraft:cake"
                                }
                            }
                        },
                        {
                            "type": "origins:equipped_item",
                            "inverted": false,
                            "equipment_slot": "mainhand",
                            "item_condition":
                            {
                                "type": "origins:ingredient",
                                "inverted": false,
                                "ingredient":
                                {
                                    "item": "minecraft:cake"
                                }
                            }
                        }
                    ]
                },
                {
                    "type": "origins:sneaking",
                    "inverted": true
                }
            ]
        },
        "block_condition":
        {
            "type": "origins:in_tag",
            "inverted": true,
            "tag": "panda_tags:interactable"
        }
    }
}
