{
    "type": "origins:multiple",
    "name": "Restriced Diet",
    "description": "You can only eat bamboo and cake.",
    "hidden": false,
    "no_food":
    {
        "type": "origins:prevent_item_use",
        "item_condition":
        {
            "type": "origins:food"
        }
    },
    "bamboo":
    {
        "type": "origins:resource",
        "min": 0,
        "max": 18,
        "hud_render":
        {
            "should_render": false,
            "sprite_location": "origins:textures/gui/community/spiderkolo/resource_bar_01.png",
            "bar_index": 0,
            "condition":
            {
                "type": "origins:resource",
                "inverted": false,
                "comparison": ">",
                "compare_to": 0,
                "resource": "panda:restricted_diet_bamboo"
            }
        },
        "max_action":
        {
            "type": "origins:and",
            "actions": [
                {
                    "type": "origins:feed",
                    "food": 3,
                    "saturation": 1.5
                },
                {
                    "type": "origins:change_resource",
                    "resource": "panda:restricted_diet_bamboo",
                    "change": -18
                },
                {
                    "type": "origins:play_sound",
                    "sound": "minecraft:entity.player.burp"
                },
                {
                    "type": "origins:execute_command",
                    "permission_level": 4,
                    "command": "clear @s bamboo 1"
                }
            ]
        }
    },
    "cake":
    {
        "type": "origins:resource",
        "min": 0,
        "max": 18,
        "hud_render":
        {
            "should_render": false,
            "sprite_location": "origins:textures/gui/community/spiderkolo/resource_bar_01.png",
            "bar_index": 0,
            "condition":
            {
                "type": "origins:resource",
                "inverted": false,
                "comparison": ">",
                "compare_to": 0,
                "resource": "panda:restricted_diet_cake"
            }
        },
        "max_action":
        {
            "type": "origins:and",
            "actions": [
                {
                    "type": "origins:feed",
                    "food": 4,
                    "saturation": 2
                },
                {
                    "type": "origins:apply_effect",
                    "effect":
                    {
                        "duration": 1200,
                        "is_ambient": true,
                        "show_particles": false,
                        "show_icon": true,
                        "effect": "regeneration"
                    }
                },
                {
                    "type": "origins:change_resource",
                    "resource": "panda:restricted_diet_cake",
                    "change": -18
                },
                {
                    "type": "origins:play_sound",
                    "sound": "minecraft:entity.player.burp"
                },
                {
                    "type": "origins:execute_command",
                    "permission_level": 4,
                    "command": "clear @s cake 1"
                }
            ]
        }
    },
    "lower_eaties":
    {
        "type": "origins:action_over_time",
        "interval": 24,
        "entity_action":
        {
            "type": "origins:if_else_list",
            "actions": [
                {
                    "condition":
                    {
                        "type": "origins:resource",
                        "inverted": false,
                        "comparison": ">",
                        "compare_to": 0,
                        "resource": "panda:restricted_diet_bamboo"
                    },
                    "action":
                    {
                        "type": "origins:change_resource",
                        "resource": "panda:restricted_diet_bamboo",
                        "change": -3
                    }
                },
                {
                    "condition":
                    {
                        "type": "origins:resource",
                        "inverted": false,
                        "comparison": ">",
                        "resource": "panda:restricted_diet_cake"
                    },
                    "action":
                    {
                        "type": "origins:change_resource",
                        "resource": "panda:restricted_diet_cake",
                        "change": -3
                    }
                }
            ]
        }
    },
    "bamboo_timer":
    {
        "type": "origins:action_over_time",
        "interval": 20,
        "condition":
        {
            "type": "origins:and",
            "inverted": false,
            "conditions": [
                {
                    "type": "origins:equipped_item",
                    "inverted": false,
                    "equipment_slot": "mainhand",
                    "item_condition":
                    {
                        "type": "origins:ingredient",
                        "inverted": true,
                        "ingredient":
                        {
                            "item": "minecraft:bamboo"
                        }
                    }
                },
                {
                    "type": "origins:equipped_item",
                    "inverted": false,
                    "equipment_slot": "offhand",
                    "item_condition":
                    {
                        "type": "origins:ingredient",
                        "inverted": true,
                        "ingredient":
                        {
                            "item": "minecraft:bamboo"
                        }
                    }
                }
            ]
        },
        "entity_action":
        {
            "type": "origins:change_resource",
            "resource": "panda:restricted_diet_bamboo",
            "change": -18
        }
    },
    "cake_timer":
    {
        "type": "origins:action_over_time",
        "interval": 20,
        "condition":
        {
            "type": "origins:and",
            "inverted": false,
            "conditions": [
                {
                    "type": "origins:equipped_item",
                    "inverted": false,
                    "equipment_slot": "mainhand",
                    "item_condition":
                    {
                        "type": "origins:ingredient",
                        "inverted": true,
                        "ingredient":
                        {
                            "item": "minecraft:cake"
                        }
                    }
                },
                {
                    "type": "origins:equipped_item",
                    "inverted": false,
                    "equipment_slot": "offhand",
                    "item_condition":
                    {
                        "type": "origins:ingredient",
                        "inverted": true,
                        "ingredient":
                        {
                            "item": "minecraft:cake"
                        }
                    }
                }
            ]
        },
        "entity_action":
        {
            "type": "origins:change_resource",
            "resource": "panda:restricted_diet_cake",
            "change": -18
        }
    },
    "eat_bamboo":
    {
        "type": "origins:active_self",
        "cooldown": 4,
        "key":
        {
            "continuous": true,
            "key": "key.use"
        },
        "hud_render":
        {
            "should_render": false,
            "sprite_location": "origins:textures/gui/resource_bar.png"
        },
        "condition":
        {
            "type": "origins:and",
            "inverted": false,
            "conditions": [
                {
                    "type": "origins:food_level",
                    "inverted": false,
                    "comparison": "<",
                    "compare_to": 20
                },
                {
                    "type": "origins:or",
                    "inverted": false,
                    "conditions": [
                        {
                            "type": "origins:equipped_item",
                            "inverted": false,
                            "equipment_slot": "mainhand",
                            "item_condition":
                            {
                                "type": "origins:ingredient",
                                "inverted": false,
                                "ingredient":
                                {
                                    "item": "minecraft:bamboo"
                                }
                            }
                        },
                        {
                            "type": "origins:equipped_item",
                            "inverted": false,
                            "equipment_slot": "offhand",
                            "item_condition":
                            {
                                "type": "origins:ingredient",
                                "inverted": false,
                                "ingredient":
                                {
                                    "item": "minecraft:bamboo"
                                }
                            }
                        }
                    ]
                }
            ]
        },
        "entity_action":
        {
            "type": "origins:and",
            "actions": [
                {
                    "type": "origins:play_sound",
                    "sound": "minecraft:entity.panda.eat"
                },
                {
                    "type": "origins:change_resource",
                    "resource": "panda:restricted_diet_bamboo",
                    "change": 3
                },
                {
                    "type": "origins:apply_effect",
                    "effect":
                    {
                        "effect": "minecraft:slowness",
                        "amplifier": 3,
                        "duration": 8,
                        "is_ambient": true,
                        "show_icon": false,
                        "show_particles": false
                    }
                },
                {
                    "type": "origins:execute_command",
                    "command": "particle minecraft:item minecraft:bamboo ~ ~1.9 ~ 0.3 0.1 0.3 0.05 10 normal"
                }
            ]
        }
    },
    "eat_cake":
    {
        "type": "origins:active_self",
        "cooldown": 4,
        "key":
        {
            "continuous": true,
            "key": "key.use"
        },
        "hud_render":
        {
            "should_render": false,
            "sprite_location": "origins:textures/gui/resource_bar.png"
        },
        "condition":
        {
            "type": "origins:or",
            "inverted": false,
            "conditions": [
                {
                    "type": "origins:equipped_item",
                    "inverted": false,
                    "equipment_slot": "mainhand",
                    "item_condition":
                    {
                        "type": "origins:ingredient",
                        "inverted": false,
                        "ingredient":
                        {
                            "item": "minecraft:cake"
                        }
                    }
                },
                {
                    "type": "origins:equipped_item",
                    "inverted": false,
                    "equipment_slot": "offhand",
                    "item_condition":
                    {
                        "type": "origins:ingredient",
                        "inverted": false,
                        "ingredient":
                        {
                            "item": "minecraft:cake"
                        }
                    }
                }
            ]
        },
        "entity_action":
        {
            "type": "origins:and",
            "actions": [
                {
                    "type": "origins:play_sound",
                    "sound": "minecraft:entity.panda.eat"
                },
                {
                    "type": "origins:change_resource",
                    "resource": "panda:restricted_diet_cake",
                    "change": 3
                },
                {
                    "type": "origins:apply_effect",
                    "effect":
                    {
                        "effect": "minecraft:slowness",
                        "amplifier": 3,
                        "duration": 8,
                        "is_ambient": true,
                        "show_icon": false,
                        "show_particles": false
                    }
                },
                {
                    "type": "origins:execute_command",
                    "command": "particle minecraft:item minecraft:cake ~ ~1.9 ~ 0.3 0.1 0.3 0.05 10 normal"
                }
            ]
        }
    }
}
