{
    "type": "origins:action_on_callback",
    "entity_action_chosen":
    {
        "type": "origins:execute_command",
        "command": "function panda:pandasize"
    },
    "entity_action_respawned":
    {
        "type": "origins:execute_command",
        "command": "function panda:pandasize"
    },
    "entity_action_lost":
    {
        "type": "origins:execute_command",
        "command": "function panda:humansize"
    },
    "entity_action_removed":
    {
        "type": "origins:execute_command",
        "command": "function panda:humansize"
    },
    "name": "Big Boi",
    "description": "You are taller than most, making you two and a half blocks tall."
}
