
{
    "type": "origins:active_self",
    "entity_action":
    {
        "type": "origins:and",
        "actions": [
            {
                "type": "origins:execute_command",
                "command": "particle minecraft:sneeze ~ ~1 ~ 0.3 0.3 0.3 0 10 normal",
                "permission_level": 4
            },
            {
                "type": "origins:execute_command",
                "command": "playsound minecraft:entity.panda.sneeze player @a[distance=..10] ~ ~ ~ 0.3 0.7",
                "permission_level": 4
            },
            {
                "type": "origins:add_velocity",
                "y": 0.65
            },
            {
                "type": "origins:chance",
                "action":
                {
                    "type": "origins:execute_command",
                    "command": "summon item ~ ~ ~ {Item:{id:\"minecraft:slime_ball\",Count:1b}}",
                    "permission_level": 4
                },
                "chance": 0.01
            },
            {
                "type": "origins:exhaust",
                "amount": 1
            }
        ]
    },
    "key":
    {
        "key": "key.origins.primary_active",
        "continuous": false
    },
    "cooldown": 32,
    "hud_render":
    {
        "should_render": true,
        "sprite_location": "origins:textures/gui/community/spiderkolo/resource_bar_02.png",
        "bar_index": 18
    },
    "name": "Sneeze",
    "description": "(Primary) You can sneeze on command to get a little more height out of your jump."
}
