{
    "type": "origins:multiple",
    "hidden": true,
    "ambient":
    {
        "type": "origins:action_over_time",
        "interval": 200,
        "entity_action":
        {
            "type": "origins:chance",
            "action":
            {
                "type": "origins:play_sound",
                "sound": "entity.panda.ambient",
                "volume": 0.4,
                "pitch": 1
            },
            "chance": 0.4
        },
        "condition":
        {
            "type": "origins:sneaking",
            "inverted": true
        }
    },
    "hurt":
    {
        "type": "origins:self_action_when_hit",
        "cooldown": 0,
        "entity_action":
        {
            "type": "origins:play_sound",
            "sound": "entity.panda.hurt",
            "volume": 0.4,
            "pitch": 1
        },
        "condition":
        {
            "type": "origins:health",
            "comparison": "<=",
            "compare_to": 0,
            "inverted": true
        }
    },
    "death":
    {
        "type": "origins:self_action_when_hit",
        "cooldown": 0,
        "entity_action":
        {
            "type": "origins:play_sound",
            "sound": "entity.panda.death",
            "volume": 1,
            "pitch": 1
        },
        "condition":
        {
            "type": "origins:health",
            "comparison": "<=",
            "compare_to": 0
        }
    }
}
