{
  "type": "origins:prevent_item_use",
  "item_condition": {
    "type": "origins:and",
    "conditions": [
      {
        "type": "origins:or",
        "conditions": [
          {
            "type": "origins:ingredient",
            "ingredient": {
              "tag": "origins:meat"
            }
          },
          {
            "type": "origins:meat"
          }
        ],
        "inverted": true
      },
      {
        "type": "origins:food"
      },
      {
        "type": "origins:ingredient",
        "ingredient": {
          "tag": "origins:ignore_diet"
        },
        "inverted": true
      }
    ]
  },
  "name": "§4§nCarnivore",
  "description": "As a dragon, you can only digest meat. Anything else won't satiate you."
}
