{
"hidden": true,
"type": "origins:restrict_armor",
  "head": {
    "type": "origins:ingredient",
    "inverted": false,
    "ingredient": {
      "item": "minecraft:golden_helmet"
    }
  },
  "chest": {
    "type": "origins:ingredient",
    "inverted": false,
    "ingredient": {
      "item": "minecraft:golden_chestplate"
    }
  },
  "legs": {
    "type": "origins:ingredient",
    "inverted": false,
    "ingredient": {
      "item": "minecraft:golden_leggings"
    }
  },
  "feet": {
    "type": "origins:ingredient",
    "inverted": false,
    "ingredient": {
      "item": "minecraft:golden_boots"
    }
  },
  "name": "§4Bulky",
  "description": "Your iron body is thick and unable to wear armor."
}