{
"hidden": true,
"type": "origins:restrict_armor",
  "head": {
    "type": "origins:ingredient",
    "inverted": false,
    "ingredient": {
      "item": "minecraft:netherite_helmet"
    }
  },
  "chest": {
    "type": "origins:ingredient",
    "inverted": false,
    "ingredient": {
      "item": "minecraft:netherite_chestplate"
    }
  },
  "legs": {
    "type": "origins:ingredient",
    "inverted": false,
    "ingredient": {
      "item": "minecraft:netherite_leggings"
    }
  },
  "feet": {
    "type": "origins:ingredient",
    "inverted": false,
    "ingredient": {
      "item": "minecraft:netherite_boots"
    }
  }
}