{
"hidden": true,
"type": "origins:restrict_armor",
  "head": {
    "type": "origins:ingredient",
    "inverted": false,
    "ingredient": {
      "item": "minecraft:iron_helmet"
    }
  },
  "chest": {
    "type": "origins:ingredient",
    "inverted": false,
    "ingredient": {
      "item": "minecraft:iron_chestplate"
    }
  },
  "legs": {
    "type": "origins:ingredient",
    "inverted": false,
    "ingredient": {
      "item": "minecraft:iron_leggings"
    }
  },
  "feet": {
    "type": "origins:ingredient",
    "inverted": false,
    "ingredient": {
      "item": "minecraft:iron_boots"
    }
  },
  "name": "§4Bulky",
  "description": "Your iron body is thick and can only wear the flexible leather or chainmail armor."
}