{
  "type": "origins:target_action_on_hit",
  "entity_action": {
    "type": "origins:add_velocity",
    "y": 1,
    "x": 0.6
  },
  "condition": {
  "type": "origins:equipped_item",
  "equipment_slot": "mainhand",
  "item_condition": {
    "type": "origins:ingredient",
    "ingredient": {
      "item": "minecraft:air"
    }
    }
  },
  "cooldown": 50,
  "hud_render": {
    "should_render": true,
    "bar_index": 0,
    "sprite_location": "origins:textures/gui/community/spiderkolo/resource_bar_01.png"
  },

  "hidden": true
}