{
	"type": "origins:fire_projectile",
	"entity_type": "minecraft:fireball",
	"count": "1",
	"speed": "1.5",
	"divergence": "1.0",
	"cooldown": 25,
	"hud_render": {
		"should_render": true,
		"bar_index": 7
	},
	"condition": {
		"type": "origins:and",
		"conditions": [
			{
				"type": "origins:resource",
				"resource": "genesis:arcanite/mana",
				"comparison": ">=",
				"compare_to": 30
			},
			{
				"type": "origins:xp_levels",
				"comparison": ">=",
				"compare_to": 5
			}
		]
	},
		"key": "primary",
		"name": "§6§nFireball",
		"description": "§4Launch fireballs, and bring hell. Primary §d[Reach Level 5 To Learn This Spell!]"

}