{
	"type": "origins:action_over_time",
	"interval": 15,
	"entity_action": {
		"type": "origins:change_resource",
		"resource": "genesis:arcanite/mana",
		"change": 8
	},
	"cooldown": 25,
	"hud_render": {
		"should_render": false
	},
	"condition": {
		"type": "origins:or",
		"conditions": [
			{
				"type": "origins:block_in_radius",
				"block_condition": {
					"type": "origins:block",
					"block": "minecraft:enchanting_table"
				},
				"radius": "8",
				"comparison": ">=",
				"compare_to": "1"
			},
			{
				"type": "origins:block_in_radius",
				"block_condition": {
					"type": "origins:block",
					"block": "minecraft:bookshelf"
				},
				"radius": "8",
				"comparison": ">=",
				"compare_to": "4"
			}
		]
	},
	"hidden": true
}