{
	"type": "origins:active_self",
	"entity_action": {
		"type": "origins:change_resource",
		"resource": "genesis:arcanite/mana",
		"change": -40
	},
	"cooldown": 25,
	"hud_render": {
		"should_render": false
	},
	"condition": {
		"type": "origins:and",
		"conditions": [
			{
				"type": "origins:power_active",
				"power": "genesis:arcanite/filler_wither"
			},
			{
				"type": "origins:resource",
				"resource": "genesis:arcanite/mana",
				"comparison": ">=",
				"compare_to": 40
			},
			{
				"type": "origins:xp_levels",
				"comparison": ">=",
				"compare_to": 20
			}
		]
	},
	"hidden": true,
	"key": "secondary"
}